GEO.id,GEO.id2,GEO.display-label,HD01_VD01,HD02_VD01,HD01_VD02,HD02_VD02,HD01_VD03,HD02_VD03
Id,Id2,Geography,Estimate; Total:,Margin of Error; Total:,Estimate; Total: - Occupied,Margin of Error; Total: - Occupied,Estimate; Total: - Vacant,Margin of Error; Total: - Vacant
1500000US110010001001,110010001001,"Block Group 1, Census Tract 1, District of Columbia, District of Columbia",728,133,607,123,121,105
1500000US110010001002,110010001002,"Block Group 2, Census Tract 1, District of Columbia, District of Columbia",1089,164,918,161,171,118
1500000US110010001003,110010001003,"Block Group 3, Census Tract 1, District of Columbia, District of Columbia",524,120,437,90,87,96
1500000US110010001004,110010001004,"Block Group 4, Census Tract 1, District of Columbia, District of Columbia",601,127,492,118,109,93
1500000US110010002011,110010002011,"Block Group 1, Census Tract 2.01, District of Columbia, District of Columbia",3,4,3,4,0,12
1500000US110010002021,110010002021,"Block Group 1, Census Tract 2.02, District of Columbia, District of Columbia",529,94,440,79,89,63
1500000US110010002022,110010002022,"Block Group 2, Census Tract 2.02, District of Columbia, District of Columbia",316,61,296,62,20,22
1500000US110010002023,110010002023,"Block Group 3, Census Tract 2.02, District of Columbia, District of Columbia",370,71,351,70,19,29
1500000US110010002024,110010002024,"Block Group 4, Census Tract 2.02, District of Columbia, District of Columbia",636,117,498,106,138,99
1500000US110010003001,110010003001,"Block Group 1, Census Tract 3, District of Columbia, District of Columbia",524,104,481,106,43,70
1500000US110010003002,110010003002,"Block Group 2, Census Tract 3, District of Columbia, District of Columbia",876,133,876,133,0,12
1500000US110010003003,110010003003,"Block Group 3, Census Tract 3, District of Columbia, District of Columbia",571,108,556,109,15,24
1500000US110010003004,110010003004,"Block Group 4, Census Tract 3, District of Columbia, District of Columbia",631,87,631,87,0,12
1500000US110010004001,110010004001,"Block Group 1, Census Tract 4, District of Columbia, District of Columbia",236,45,204,40,32,34
1500000US110010004002,110010004002,"Block Group 2, Census Tract 4, District of Columbia, District of Columbia",487,54,441,61,46,37
1500000US110010005011,110010005011,"Block Group 1, Census Tract 5.01, District of Columbia, District of Columbia",784,124,772,124,12,19
1500000US110010005012,110010005012,"Block Group 2, Census Tract 5.01, District of Columbia, District of Columbia",1367,133,1199,148,168,114
1500000US110010005021,110010005021,"Block Group 1, Census Tract 5.02, District of Columbia, District of Columbia",849,68,765,72,84,66
1500000US110010005022,110010005022,"Block Group 2, Census Tract 5.02, District of Columbia, District of Columbia",944,66,794,82,150,88
1500000US110010006001,110010006001,"Block Group 1, Census Tract 6, District of Columbia, District of Columbia",654,114,619,104,35,60
1500000US110010006002,110010006002,"Block Group 2, Census Tract 6, District of Columbia, District of Columbia",485,112,473,117,12,20
1500000US110010006003,110010006003,"Block Group 3, Census Tract 6, District of Columbia, District of Columbia",400,103,372,98,28,45
1500000US110010006004,110010006004,"Block Group 4, Census Tract 6, District of Columbia, District of Columbia",802,105,706,103,96,92
1500000US110010007011,110010007011,"Block Group 1, Census Tract 7.01, District of Columbia, District of Columbia",815,142,781,143,34,55
1500000US110010007012,110010007012,"Block Group 2, Census Tract 7.01, District of Columbia, District of Columbia",1009,170,878,169,131,112
1500000US110010007013,110010007013,"Block Group 3, Census Tract 7.01, District of Columbia, District of Columbia",1219,151,1144,141,75,86
1500000US110010007014,110010007014,"Block Group 4, Census Tract 7.01, District of Columbia, District of Columbia",606,135,567,132,39,63
1500000US110010007021,110010007021,"Block Group 1, Census Tract 7.02, District of Columbia, District of Columbia",889,120,836,124,53,73
1500000US110010007022,110010007022,"Block Group 2, Census Tract 7.02, District of Columbia, District of Columbia",983,182,795,182,188,134
1500000US110010007023,110010007023,"Block Group 3, Census Tract 7.02, District of Columbia, District of Columbia",605,127,516,125,89,100
1500000US110010008011,110010008011,"Block Group 1, Census Tract 8.01, District of Columbia, District of Columbia",1288,127,1269,128,19,31
1500000US110010008012,110010008012,"Block Group 2, Census Tract 8.01, District of Columbia, District of Columbia",337,100,321,107,16,26
1500000US110010008013,110010008013,"Block Group 3, Census Tract 8.01, District of Columbia, District of Columbia",1099,148,995,143,104,118
1500000US110010008014,110010008014,"Block Group 4, Census Tract 8.01, District of Columbia, District of Columbia",298,78,298,78,0,12
1500000US110010008021,110010008021,"Block Group 1, Census Tract 8.02, District of Columbia, District of Columbia",921,82,893,85,28,34
1500000US110010008022,110010008022,"Block Group 2, Census Tract 8.02, District of Columbia, District of Columbia",493,79,449,79,44,49
1500000US110010009011,110010009011,"Block Group 1, Census Tract 9.01, District of Columbia, District of Columbia",593,64,564,62,29,47
1500000US110010009012,110010009012,"Block Group 2, Census Tract 9.01, District of Columbia, District of Columbia",642,75,610,76,32,51
1500000US110010009013,110010009013,"Block Group 3, Census Tract 9.01, District of Columbia, District of Columbia",406,63,406,63,0,12
1500000US110010009021,110010009021,"Block Group 1, Census Tract 9.02, District of Columbia, District of Columbia",374,55,368,56,6,9
1500000US110010009022,110010009022,"Block Group 2, Census Tract 9.02, District of Columbia, District of Columbia",531,52,510,52,21,31
1500000US110010010011,110010010011,"Block Group 1, Census Tract 10.01, District of Columbia, District of Columbia",298,65,298,65,0,12
1500000US110010010012,110010010012,"Block Group 2, Census Tract 10.01, District of Columbia, District of Columbia",921,109,904,115,17,28
1500000US110010010013,110010010013,"Block Group 3, Census Tract 10.01, District of Columbia, District of Columbia",355,58,355,58,0,12
1500000US110010010014,110010010014,"Block Group 4, Census Tract 10.01, District of Columbia, District of Columbia",503,81,503,81,0,12
1500000US110010010015,110010010015,"Block Group 5, Census Tract 10.01, District of Columbia, District of Columbia",322,77,322,77,0,12
1500000US110010010016,110010010016,"Block Group 6, Census Tract 10.01, District of Columbia, District of Columbia",441,74,441,74,0,12
1500000US110010010021,110010010021,"Block Group 1, Census Tract 10.02, District of Columbia, District of Columbia",808,181,611,160,197,116
1500000US110010010022,110010010022,"Block Group 2, Census Tract 10.02, District of Columbia, District of Columbia",926,124,886,130,40,47
1500000US110010010023,110010010023,"Block Group 3, Census Tract 10.02, District of Columbia, District of Columbia",478,113,478,113,0,12
1500000US110010011001,110010011001,"Block Group 1, Census Tract 11, District of Columbia, District of Columbia",894,121,878,120,16,25
1500000US110010011002,110010011002,"Block Group 2, Census Tract 11, District of Columbia, District of Columbia",725,117,583,132,142,112
1500000US110010011003,110010011003,"Block Group 3, Census Tract 11, District of Columbia, District of Columbia",318,85,318,85,0,12
1500000US110010011004,110010011004,"Block Group 4, Census Tract 11, District of Columbia, District of Columbia",359,64,359,64,0,12
1500000US110010012001,110010012001,"Block Group 1, Census Tract 12, District of Columbia, District of Columbia",1046,129,1046,129,0,12
1500000US110010012002,110010012002,"Block Group 2, Census Tract 12, District of Columbia, District of Columbia",604,137,541,129,63,95
1500000US110010012003,110010012003,"Block Group 3, Census Tract 12, District of Columbia, District of Columbia",337,71,290,74,47,72
1500000US110010012004,110010012004,"Block Group 4, Census Tract 12, District of Columbia, District of Columbia",652,92,635,90,17,26
1500000US110010013011,110010013011,"Block Group 1, Census Tract 13.01, District of Columbia, District of Columbia",801,160,748,151,53,54
1500000US110010013012,110010013012,"Block Group 2, Census Tract 13.01, District of Columbia, District of Columbia",303,102,240,74,63,81
1500000US110010013013,110010013013,"Block Group 3, Census Tract 13.01, District of Columbia, District of Columbia",986,157,932,162,54,71
1500000US110010013021,110010013021,"Block Group 1, Census Tract 13.02, District of Columbia, District of Columbia",1516,187,1429,204,87,98
1500000US110010013022,110010013022,"Block Group 2, Census Tract 13.02, District of Columbia, District of Columbia",2991,287,2723,311,268,210
1500000US110010013023,110010013023,"Block Group 3, Census Tract 13.02, District of Columbia, District of Columbia",600,179,386,162,214,191
1500000US110010014011,110010014011,"Block Group 1, Census Tract 14.01, District of Columbia, District of Columbia",1104,63,1071,85,33,46
1500000US110010014012,110010014012,"Block Group 2, Census Tract 14.01, District of Columbia, District of Columbia",392,57,384,58,8,12
1500000US110010014021,110010014021,"Block Group 1, Census Tract 14.02, District of Columbia, District of Columbia",365,58,365,58,0,12
1500000US110010014022,110010014022,"Block Group 2, Census Tract 14.02, District of Columbia, District of Columbia",589,102,552,106,37,47
1500000US110010014023,110010014023,"Block Group 3, Census Tract 14.02, District of Columbia, District of Columbia",629,92,620,92,9,14
1500000US110010015001,110010015001,"Block Group 1, Census Tract 15, District of Columbia, District of Columbia",606,86,556,93,50,78
1500000US110010015002,110010015002,"Block Group 2, Census Tract 15, District of Columbia, District of Columbia",283,56,283,56,0,12
1500000US110010015003,110010015003,"Block Group 3, Census Tract 15, District of Columbia, District of Columbia",294,90,259,86,35,52
1500000US110010015004,110010015004,"Block Group 4, Census Tract 15, District of Columbia, District of Columbia",600,84,551,79,49,57
1500000US110010015005,110010015005,"Block Group 5, Census Tract 15, District of Columbia, District of Columbia",380,63,380,63,0,12
1500000US110010016001,110010016001,"Block Group 1, Census Tract 16, District of Columbia, District of Columbia",458,72,458,72,0,12
1500000US110010016002,110010016002,"Block Group 2, Census Tract 16, District of Columbia, District of Columbia",315,58,224,46,91,64
1500000US110010016003,110010016003,"Block Group 3, Census Tract 16, District of Columbia, District of Columbia",324,71,292,63,32,51
1500000US110010016004,110010016004,"Block Group 4, Census Tract 16, District of Columbia, District of Columbia",614,81,576,75,38,47
1500000US110010017021,110010017021,"Block Group 1, Census Tract 17.02, District of Columbia, District of Columbia",755,93,755,93,0,12
1500000US110010017022,110010017022,"Block Group 2, Census Tract 17.02, District of Columbia, District of Columbia",660,76,633,79,27,44
1500000US110010018031,110010018031,"Block Group 1, Census Tract 18.03, District of Columbia, District of Columbia",556,70,508,74,48,54
1500000US110010018032,110010018032,"Block Group 2, Census Tract 18.03, District of Columbia, District of Columbia",1149,82,1072,91,77,52
1500000US110010018041,110010018041,"Block Group 1, Census Tract 18.04, District of Columbia, District of Columbia",663,162,602,167,61,58
1500000US110010018042,110010018042,"Block Group 2, Census Tract 18.04, District of Columbia, District of Columbia",543,129,523,130,20,32
1500000US110010018043,110010018043,"Block Group 3, Census Tract 18.04, District of Columbia, District of Columbia",1009,166,980,165,29,47
1500000US110010019011,110010019011,"Block Group 1, Census Tract 19.01, District of Columbia, District of Columbia",410,74,322,72,88,63
1500000US110010019012,110010019012,"Block Group 2, Census Tract 19.01, District of Columbia, District of Columbia",447,101,402,101,45,48
1500000US110010019013,110010019013,"Block Group 3, Census Tract 19.01, District of Columbia, District of Columbia",511,87,461,89,50,47
1500000US110010019014,110010019014,"Block Group 4, Census Tract 19.01, District of Columbia, District of Columbia",271,69,223,56,48,54
1500000US110010019021,110010019021,"Block Group 1, Census Tract 19.02, District of Columbia, District of Columbia",512,65,497,63,15,24
1500000US110010019022,110010019022,"Block Group 2, Census Tract 19.02, District of Columbia, District of Columbia",341,58,319,60,22,26
1500000US110010020011,110010020011,"Block Group 1, Census Tract 20.01, District of Columbia, District of Columbia",636,61,582,65,54,38
1500000US110010020012,110010020012,"Block Group 2, Census Tract 20.01, District of Columbia, District of Columbia",465,57,437,61,28,26
1500000US110010020021,110010020021,"Block Group 1, Census Tract 20.02, District of Columbia, District of Columbia",369,65,321,65,48,48
1500000US110010020022,110010020022,"Block Group 2, Census Tract 20.02, District of Columbia, District of Columbia",662,85,620,91,42,48
1500000US110010020023,110010020023,"Block Group 3, Census Tract 20.02, District of Columbia, District of Columbia",433,83,409,80,24,38
1500000US110010021011,110010021011,"Block Group 1, Census Tract 21.01, District of Columbia, District of Columbia",581,168,529,160,52,80
1500000US110010021012,110010021012,"Block Group 2, Census Tract 21.01, District of Columbia, District of Columbia",579,167,453,159,126,101
1500000US110010021013,110010021013,"Block Group 3, Census Tract 21.01, District of Columbia, District of Columbia",506,129,506,129,0,12
1500000US110010021014,110010021014,"Block Group 4, Census Tract 21.01, District of Columbia, District of Columbia",289,126,289,126,0,12
1500000US110010021015,110010021015,"Block Group 5, Census Tract 21.01, District of Columbia, District of Columbia",372,123,314,116,58,68
1500000US110010021021,110010021021,"Block Group 1, Census Tract 21.02, District of Columbia, District of Columbia",371,64,346,66,25,39
1500000US110010021022,110010021022,"Block Group 2, Census Tract 21.02, District of Columbia, District of Columbia",391,88,341,84,50,48
1500000US110010021023,110010021023,"Block Group 3, Census Tract 21.02, District of Columbia, District of Columbia",488,103,466,103,22,34
1500000US110010021024,110010021024,"Block Group 4, Census Tract 21.02, District of Columbia, District of Columbia",442,94,395,94,47,53
1500000US110010021025,110010021025,"Block Group 5, Census Tract 21.02, District of Columbia, District of Columbia",247,77,247,77,0,12
1500000US110010021026,110010021026,"Block Group 6, Census Tract 21.02, District of Columbia, District of Columbia",365,84,321,90,44,48
1500000US110010022011,110010022011,"Block Group 1, Census Tract 22.01, District of Columbia, District of Columbia",442,86,442,86,0,12
1500000US110010022012,110010022012,"Block Group 2, Census Tract 22.01, District of Columbia, District of Columbia",394,98,354,94,40,52
1500000US110010022013,110010022013,"Block Group 3, Census Tract 22.01, District of Columbia, District of Columbia",325,91,325,91,0,12
1500000US110010022021,110010022021,"Block Group 1, Census Tract 22.02, District of Columbia, District of Columbia",803,97,716,112,87,63
1500000US110010022022,110010022022,"Block Group 2, Census Tract 22.02, District of Columbia, District of Columbia",382,84,302,82,80,62
1500000US110010022023,110010022023,"Block Group 3, Census Tract 22.02, District of Columbia, District of Columbia",303,78,268,82,35,32
1500000US110010023011,110010023011,"Block Group 1, Census Tract 23.01, District of Columbia, District of Columbia",466,71,466,71,0,12
1500000US110010023012,110010023012,"Block Group 2, Census Tract 23.01, District of Columbia, District of Columbia",772,80,687,95,85,61
1500000US110010023021,110010023021,"Block Group 1, Census Tract 23.02, District of Columbia, District of Columbia",1011,113,779,114,232,79
1500000US110010024001,110010024001,"Block Group 1, Census Tract 24, District of Columbia, District of Columbia",383,72,350,71,33,39
1500000US110010024002,110010024002,"Block Group 2, Census Tract 24, District of Columbia, District of Columbia",448,69,429,72,19,29
1500000US110010024003,110010024003,"Block Group 3, Census Tract 24, District of Columbia, District of Columbia",323,67,292,61,31,34
1500000US110010024004,110010024004,"Block Group 4, Census Tract 24, District of Columbia, District of Columbia",335,50,307,52,28,35
1500000US110010025011,110010025011,"Block Group 1, Census Tract 25.01, District of Columbia, District of Columbia",626,72,603,79,23,37
1500000US110010025012,110010025012,"Block Group 2, Census Tract 25.01, District of Columbia, District of Columbia",492,72,492,72,0,12
1500000US110010025021,110010025021,"Block Group 1, Census Tract 25.02, District of Columbia, District of Columbia",545,116,492,133,53,62
1500000US110010025022,110010025022,"Block Group 2, Census Tract 25.02, District of Columbia, District of Columbia",829,145,802,149,27,42
1500000US110010025023,110010025023,"Block Group 3, Census Tract 25.02, District of Columbia, District of Columbia",402,123,366,116,36,55
1500000US110010025024,110010025024,"Block Group 4, Census Tract 25.02, District of Columbia, District of Columbia",842,145,807,146,35,58
1500000US110010026001,110010026001,"Block Group 1, Census Tract 26, District of Columbia, District of Columbia",505,60,490,61,15,25
1500000US110010026002,110010026002,"Block Group 2, Census Tract 26, District of Columbia, District of Columbia",530,61,493,58,37,38
1500000US110010027011,110010027011,"Block Group 1, Census Tract 27.01, District of Columbia, District of Columbia",460,157,377,138,83,93
1500000US110010027012,110010027012,"Block Group 2, Census Tract 27.01, District of Columbia, District of Columbia",784,161,753,157,31,56
1500000US110010027013,110010027013,"Block Group 3, Census Tract 27.01, District of Columbia, District of Columbia",303,87,303,87,0,12
1500000US110010027014,110010027014,"Block Group 4, Census Tract 27.01, District of Columbia, District of Columbia",1347,163,1347,163,0,12
1500000US110010027021,110010027021,"Block Group 1, Census Tract 27.02, District of Columbia, District of Columbia",744,143,744,143,0,12
1500000US110010027022,110010027022,"Block Group 2, Census Tract 27.02, District of Columbia, District of Columbia",1132,123,1086,119,46,56
1500000US110010027023,110010027023,"Block Group 3, Census Tract 27.02, District of Columbia, District of Columbia",564,113,564,113,0,12
1500000US110010028011,110010028011,"Block Group 1, Census Tract 28.01, District of Columbia, District of Columbia",779,109,706,107,73,55
1500000US110010028012,110010028012,"Block Group 2, Census Tract 28.01, District of Columbia, District of Columbia",1045,141,947,138,98,73
1500000US110010028021,110010028021,"Block Group 1, Census Tract 28.02, District of Columbia, District of Columbia",1324,101,1245,117,79,62
1500000US110010028022,110010028022,"Block Group 2, Census Tract 28.02, District of Columbia, District of Columbia",779,129,752,128,27,33
1500000US110010029001,110010029001,"Block Group 1, Census Tract 29, District of Columbia, District of Columbia",775,82,675,92,100,63
1500000US110010029002,110010029002,"Block Group 2, Census Tract 29, District of Columbia, District of Columbia",915,89,876,88,39,37
1500000US110010030001,110010030001,"Block Group 1, Census Tract 30, District of Columbia, District of Columbia",834,77,758,83,76,54
1500000US110010030002,110010030002,"Block Group 2, Census Tract 30, District of Columbia, District of Columbia",761,75,682,79,79,58
1500000US110010031001,110010031001,"Block Group 1, Census Tract 31, District of Columbia, District of Columbia",1293,51,1188,77,105,61
1500000US110010032001,110010032001,"Block Group 1, Census Tract 32, District of Columbia, District of Columbia",353,95,322,83,31,48
1500000US110010032002,110010032002,"Block Group 2, Census Tract 32, District of Columbia, District of Columbia",406,83,354,83,52,58
1500000US110010032003,110010032003,"Block Group 3, Census Tract 32, District of Columbia, District of Columbia",686,116,545,127,141,93
1500000US110010032004,110010032004,"Block Group 4, Census Tract 32, District of Columbia, District of Columbia",494,99,437,97,57,64
1500000US110010033011,110010033011,"Block Group 1, Census Tract 33.01, District of Columbia, District of Columbia",534,97,482,99,52,48
1500000US110010033012,110010033012,"Block Group 2, Census Tract 33.01, District of Columbia, District of Columbia",576,94,548,93,28,34
1500000US110010033013,110010033013,"Block Group 3, Census Tract 33.01, District of Columbia, District of Columbia",599,96,536,100,63,55
1500000US110010033021,110010033021,"Block Group 1, Census Tract 33.02, District of Columbia, District of Columbia",532,58,451,61,81,44
1500000US110010033022,110010033022,"Block Group 2, Census Tract 33.02, District of Columbia, District of Columbia",477,58,418,56,59,45
1500000US110010034001,110010034001,"Block Group 1, Census Tract 34, District of Columbia, District of Columbia",518,98,518,98,0,12
1500000US110010034002,110010034002,"Block Group 2, Census Tract 34, District of Columbia, District of Columbia",924,107,645,122,279,92
1500000US110010035001,110010035001,"Block Group 1, Census Tract 35, District of Columbia, District of Columbia",685,75,685,75,0,12
1500000US110010035002,110010035002,"Block Group 2, Census Tract 35, District of Columbia, District of Columbia",533,69,509,75,24,27
1500000US110010036001,110010036001,"Block Group 1, Census Tract 36, District of Columbia, District of Columbia",859,184,730,180,129,118
1500000US110010036002,110010036002,"Block Group 2, Census Tract 36, District of Columbia, District of Columbia",738,136,636,129,102,106
1500000US110010036003,110010036003,"Block Group 3, Census Tract 36, District of Columbia, District of Columbia",758,146,758,146,0,12
1500000US110010037001,110010037001,"Block Group 1, Census Tract 37, District of Columbia, District of Columbia",736,128,736,128,0,12
1500000US110010037002,110010037002,"Block Group 2, Census Tract 37, District of Columbia, District of Columbia",1108,177,951,159,157,110
1500000US110010037003,110010037003,"Block Group 3, Census Tract 37, District of Columbia, District of Columbia",925,152,862,166,63,71
1500000US110010038001,110010038001,"Block Group 1, Census Tract 38, District of Columbia, District of Columbia",1229,162,1182,155,47,77
1500000US110010038002,110010038002,"Block Group 2, Census Tract 38, District of Columbia, District of Columbia",1122,139,1077,135,45,68
1500000US110010038003,110010038003,"Block Group 3, Census Tract 38, District of Columbia, District of Columbia",516,138,468,124,48,77
1500000US110010039001,110010039001,"Block Group 1, Census Tract 39, District of Columbia, District of Columbia",911,167,828,166,83,95
1500000US110010039002,110010039002,"Block Group 2, Census Tract 39, District of Columbia, District of Columbia",664,119,664,119,0,12
1500000US110010039003,110010039003,"Block Group 3, Census Tract 39, District of Columbia, District of Columbia",741,136,657,139,84,97
1500000US110010039004,110010039004,"Block Group 4, Census Tract 39, District of Columbia, District of Columbia",603,155,503,126,100,112
1500000US110010040011,110010040011,"Block Group 1, Census Tract 40.01, District of Columbia, District of Columbia",799,117,750,110,49,62
1500000US110010040012,110010040012,"Block Group 2, Census Tract 40.01, District of Columbia, District of Columbia",407,65,361,69,46,56
1500000US110010040013,110010040013,"Block Group 3, Census Tract 40.01, District of Columbia, District of Columbia",1210,138,1108,133,102,63
1500000US110010040021,110010040021,"Block Group 1, Census Tract 40.02, District of Columbia, District of Columbia",388,69,361,69,27,43
1500000US110010040022,110010040022,"Block Group 2, Census Tract 40.02, District of Columbia, District of Columbia",996,105,969,103,27,43
1500000US110010040023,110010040023,"Block Group 3, Census Tract 40.02, District of Columbia, District of Columbia",557,79,495,72,62,61
1500000US110010041001,110010041001,"Block Group 1, Census Tract 41, District of Columbia, District of Columbia",955,93,810,119,145,90
1500000US110010041002,110010041002,"Block Group 2, Census Tract 41, District of Columbia, District of Columbia",412,75,350,62,62,61
1500000US110010041003,110010041003,"Block Group 3, Census Tract 41, District of Columbia, District of Columbia",342,58,300,57,42,43
1500000US110010042011,110010042011,"Block Group 1, Census Tract 42.01, District of Columbia, District of Columbia",1064,127,1064,127,0,12
1500000US110010042012,110010042012,"Block Group 2, Census Tract 42.01, District of Columbia, District of Columbia",1093,121,1093,121,0,12
1500000US110010042021,110010042021,"Block Group 1, Census Tract 42.02, District of Columbia, District of Columbia",828,97,769,101,59,59
1500000US110010042022,110010042022,"Block Group 2, Census Tract 42.02, District of Columbia, District of Columbia",994,103,868,111,126,86
1500000US110010043001,110010043001,"Block Group 1, Census Tract 43, District of Columbia, District of Columbia",1313,122,1228,125,85,78
1500000US110010043002,110010043002,"Block Group 2, Census Tract 43, District of Columbia, District of Columbia",886,113,821,111,65,73
1500000US110010044001,110010044001,"Block Group 1, Census Tract 44, District of Columbia, District of Columbia",1851,164,1807,162,44,55
1500000US110010044002,110010044002,"Block Group 2, Census Tract 44, District of Columbia, District of Columbia",992,142,957,145,35,54
1500000US110010046001,110010046001,"Block Group 1, Census Tract 46, District of Columbia, District of Columbia",577,94,506,100,71,66
1500000US110010046002,110010046002,"Block Group 2, Census Tract 46, District of Columbia, District of Columbia",850,102,764,100,86,60
1500000US110010047011,110010047011,"Block Group 1, Census Tract 47.01, District of Columbia, District of Columbia",656,126,621,130,35,58
1500000US110010047012,110010047012,"Block Group 2, Census Tract 47.01, District of Columbia, District of Columbia",2023,149,1809,199,214,136
1500000US110010047021,110010047021,"Block Group 1, Census Tract 47.02, District of Columbia, District of Columbia",1618,47,1540,62,78,49
1500000US110010048011,110010048011,"Block Group 1, Census Tract 48.01, District of Columbia, District of Columbia",1254,75,1123,103,131,75
1500000US110010048021,110010048021,"Block Group 1, Census Tract 48.02, District of Columbia, District of Columbia",848,106,780,117,68,68
1500000US110010048022,110010048022,"Block Group 2, Census Tract 48.02, District of Columbia, District of Columbia",1055,99,977,114,78,71
1500000US110010049011,110010049011,"Block Group 1, Census Tract 49.01, District of Columbia, District of Columbia",569,74,551,75,18,24
1500000US110010049012,110010049012,"Block Group 2, Census Tract 49.01, District of Columbia, District of Columbia",725,74,664,69,61,44
1500000US110010049021,110010049021,"Block Group 1, Census Tract 49.02, District of Columbia, District of Columbia",314,93,314,93,0,12
1500000US110010049022,110010049022,"Block Group 2, Census Tract 49.02, District of Columbia, District of Columbia",1230,112,1122,120,108,71
1500000US110010050011,110010050011,"Block Group 1, Census Tract 50.01, District of Columbia, District of Columbia",413,81,387,80,26,30
1500000US110010050012,110010050012,"Block Group 2, Census Tract 50.01, District of Columbia, District of Columbia",599,82,558,83,41,35
1500000US110010050021,110010050021,"Block Group 1, Census Tract 50.02, District of Columbia, District of Columbia",1057,190,1019,173,38,64
1500000US110010050022,110010050022,"Block Group 2, Census Tract 50.02, District of Columbia, District of Columbia",1257,172,1215,180,42,65
1500000US110010050023,110010050023,"Block Group 3, Census Tract 50.02, District of Columbia, District of Columbia",588,170,588,170,0,12
1500000US110010050024,110010050024,"Block Group 4, Census Tract 50.02, District of Columbia, District of Columbia",852,158,724,139,128,113
1500000US110010052011,110010052011,"Block Group 1, Census Tract 52.01, District of Columbia, District of Columbia",1725,256,1449,245,276,182
1500000US110010052012,110010052012,"Block Group 2, Census Tract 52.01, District of Columbia, District of Columbia",913,175,819,163,94,121
1500000US110010052013,110010052013,"Block Group 3, Census Tract 52.01, District of Columbia, District of Columbia",621,134,524,117,97,126
1500000US110010052014,110010052014,"Block Group 4, Census Tract 52.01, District of Columbia, District of Columbia",1182,207,1162,204,20,33
1500000US110010053011,110010053011,"Block Group 1, Census Tract 53.01, District of Columbia, District of Columbia",640,129,576,108,64,82
1500000US110010053012,110010053012,"Block Group 2, Census Tract 53.01, District of Columbia, District of Columbia",923,127,838,125,85,84
1500000US110010053013,110010053013,"Block Group 3, Census Tract 53.01, District of Columbia, District of Columbia",1165,167,1074,158,91,103
1500000US110010053014,110010053014,"Block Group 4, Census Tract 53.01, District of Columbia, District of Columbia",943,146,875,145,68,77
1500000US110010055001,110010055001,"Block Group 1, Census Tract 55, District of Columbia, District of Columbia",546,158,521,158,25,40
1500000US110010055002,110010055002,"Block Group 2, Census Tract 55, District of Columbia, District of Columbia",1633,254,1536,253,97,119
1500000US110010055003,110010055003,"Block Group 3, Census Tract 55, District of Columbia, District of Columbia",1280,222,1139,208,141,155
1500000US110010055004,110010055004,"Block Group 4, Census Tract 55, District of Columbia, District of Columbia",794,168,564,166,230,155
1500000US110010055005,110010055005,"Block Group 5, Census Tract 55, District of Columbia, District of Columbia",531,130,505,130,26,42
1500000US110010056001,110010056001,"Block Group 1, Census Tract 56, District of Columbia, District of Columbia",1495,188,1309,162,186,128
1500000US110010056002,110010056002,"Block Group 2, Census Tract 56, District of Columbia, District of Columbia",1100,176,897,170,203,134
1500000US110010056003,110010056003,"Block Group 3, Census Tract 56, District of Columbia, District of Columbia",898,192,629,144,269,156
1500000US110010056004,110010056004,"Block Group 4, Census Tract 56, District of Columbia, District of Columbia",612,170,507,156,105,105
1500000US110010058001,110010058001,"Block Group 1, Census Tract 58, District of Columbia, District of Columbia",1271,132,805,116,466,145
1500000US110010058002,110010058002,"Block Group 2, Census Tract 58, District of Columbia, District of Columbia",1104,113,964,103,140,75
1500000US110010059001,110010059001,"Block Group 1, Census Tract 59, District of Columbia, District of Columbia",1577,65,1336,92,241,92
1500000US110010062021,110010062021,"Block Group 1, Census Tract 62.02, District of Columbia, District of Columbia",39,64,39,64,0,12
1500000US110010064001,110010064001,"Block Group 1, Census Tract 64, District of Columbia, District of Columbia",738,91,624,101,114,82
1500000US110010064002,110010064002,"Block Group 2, Census Tract 64, District of Columbia, District of Columbia",548,86,502,91,46,36
1500000US110010065001,110010065001,"Block Group 1, Census Tract 65, District of Columbia, District of Columbia",717,87,451,96,266,111
1500000US110010065002,110010065002,"Block Group 2, Census Tract 65, District of Columbia, District of Columbia",776,82,680,85,96,67
1500000US110010066001,110010066001,"Block Group 1, Census Tract 66, District of Columbia, District of Columbia",1124,49,935,85,189,92
1500000US110010067001,110010067001,"Block Group 1, Census Tract 67, District of Columbia, District of Columbia",615,70,567,61,48,55
1500000US110010067002,110010067002,"Block Group 2, Census Tract 67, District of Columbia, District of Columbia",651,74,628,74,23,38
1500000US110010067003,110010067003,"Block Group 3, Census Tract 67, District of Columbia, District of Columbia",659,81,607,79,52,47
1500000US110010068011,110010068011,"Block Group 1, Census Tract 68.01, District of Columbia, District of Columbia",703,62,658,71,45,35
1500000US110010068012,110010068012,"Block Group 2, Census Tract 68.01, District of Columbia, District of Columbia",297,52,272,51,25,28
1500000US110010068021,110010068021,"Block Group 1, Census Tract 68.02, District of Columbia, District of Columbia",428,51,397,56,31,33
1500000US110010068022,110010068022,"Block Group 2, Census Tract 68.02, District of Columbia, District of Columbia",631,54,616,57,15,22
1500000US110010068041,110010068041,"Block Group 1, Census Tract 68.04, District of Columbia, District of Columbia",16,23,16,23,0,12
1500000US110010069001,110010069001,"Block Group 1, Census Tract 69, District of Columbia, District of Columbia",936,66,843,88,93,64
1500000US110010069002,110010069002,"Block Group 2, Census Tract 69, District of Columbia, District of Columbia",325,60,325,60,0,12
1500000US110010070001,110010070001,"Block Group 1, Census Tract 70, District of Columbia, District of Columbia",723,85,696,84,27,43
1500000US110010070002,110010070002,"Block Group 2, Census Tract 70, District of Columbia, District of Columbia",504,72,441,75,63,62
1500000US110010071001,110010071001,"Block Group 1, Census Tract 71, District of Columbia, District of Columbia",298,86,274,92,24,40
1500000US110010071002,110010071002,"Block Group 2, Census Tract 71, District of Columbia, District of Columbia",1111,82,1082,85,29,36
1500000US110010072001,110010072001,"Block Group 1, Census Tract 72, District of Columbia, District of Columbia",1826,85,1761,94,65,50
1500000US110010072002,110010072002,"Block Group 2, Census Tract 72, District of Columbia, District of Columbia",787,74,721,78,66,53
1500000US110010073011,110010073011,"Block Group 1, Census Tract 73.01, District of Columbia, District of Columbia",1442,49,1211,97,231,82
1500000US110010073041,110010073041,"Block Group 1, Census Tract 73.04, District of Columbia, District of Columbia",817,77,726,80,91,56
1500000US110010073042,110010073042,"Block Group 2, Census Tract 73.04, District of Columbia, District of Columbia",394,70,319,63,75,51
1500000US110010073043,110010073043,"Block Group 3, Census Tract 73.04, District of Columbia, District of Columbia",207,60,158,61,49,36
1500000US110010074011,110010074011,"Block Group 1, Census Tract 74.01, District of Columbia, District of Columbia",551,65,423,57,128,41
1500000US110010074012,110010074012,"Block Group 2, Census Tract 74.01, District of Columbia, District of Columbia",559,67,485,76,74,37
1500000US110010074031,110010074031,"Block Group 1, Census Tract 74.03, District of Columbia, District of Columbia",1195,45,1090,78,105,64
1500000US110010074041,110010074041,"Block Group 1, Census Tract 74.04, District of Columbia, District of Columbia",812,168,690,173,122,70
1500000US110010074042,110010074042,"Block Group 2, Census Tract 74.04, District of Columbia, District of Columbia",443,148,434,148,9,17
1500000US110010074043,110010074043,"Block Group 3, Census Tract 74.04, District of Columbia, District of Columbia",177,62,62,42,115,51
1500000US110010074061,110010074061,"Block Group 1, Census Tract 74.06, District of Columbia, District of Columbia",594,100,516,107,78,55
1500000US110010074062,110010074062,"Block Group 2, Census Tract 74.06, District of Columbia, District of Columbia",538,99,384,104,154,74
1500000US110010074071,110010074071,"Block Group 1, Census Tract 74.07, District of Columbia, District of Columbia",320,64,303,71,17,28
1500000US110010074072,110010074072,"Block Group 2, Census Tract 74.07, District of Columbia, District of Columbia",1125,66,991,86,134,61
1500000US110010074081,110010074081,"Block Group 1, Census Tract 74.08, District of Columbia, District of Columbia",1327,38,1102,93,225,81
1500000US110010074091,110010074091,"Block Group 1, Census Tract 74.09, District of Columbia, District of Columbia",548,92,433,87,115,59
1500000US110010074092,110010074092,"Block Group 2, Census Tract 74.09, District of Columbia, District of Columbia",522,94,515,95,7,11
1500000US110010074093,110010074093,"Block Group 3, Census Tract 74.09, District of Columbia, District of Columbia",597,105,597,105,0,12
1500000US110010075021,110010075021,"Block Group 1, Census Tract 75.02, District of Columbia, District of Columbia",1108,131,1012,130,96,54
1500000US110010075022,110010075022,"Block Group 2, Census Tract 75.02, District of Columbia, District of Columbia",932,133,796,140,136,66
1500000US110010075031,110010075031,"Block Group 1, Census Tract 75.03, District of Columbia, District of Columbia",350,59,327,63,23,17
1500000US110010075032,110010075032,"Block Group 2, Census Tract 75.03, District of Columbia, District of Columbia",717,64,622,66,95,37
1500000US110010075041,110010075041,"Block Group 1, Census Tract 75.04, District of Columbia, District of Columbia",1392,34,1084,104,308,94
1500000US110010076011,110010076011,"Block Group 1, Census Tract 76.01, District of Columbia, District of Columbia",517,136,443,129,74,70
1500000US110010076012,110010076012,"Block Group 2, Census Tract 76.01, District of Columbia, District of Columbia",176,62,168,63,8,13
1500000US110010076013,110010076013,"Block Group 3, Census Tract 76.01, District of Columbia, District of Columbia",819,141,731,134,88,65
1500000US110010076014,110010076014,"Block Group 4, Census Tract 76.01, District of Columbia, District of Columbia",437,123,316,123,121,81
1500000US110010076015,110010076015,"Block Group 5, Census Tract 76.01, District of Columbia, District of Columbia",431,126,372,130,59,53
1500000US110010076031,110010076031,"Block Group 1, Census Tract 76.03, District of Columbia, District of Columbia",1076,213,931,219,145,123
1500000US110010076032,110010076032,"Block Group 2, Census Tract 76.03, District of Columbia, District of Columbia",432,140,240,119,192,153
1500000US110010076033,110010076033,"Block Group 3, Census Tract 76.03, District of Columbia, District of Columbia",217,70,217,70,0,12
1500000US110010076034,110010076034,"Block Group 4, Census Tract 76.03, District of Columbia, District of Columbia",736,203,720,209,16,27
1500000US110010076041,110010076041,"Block Group 1, Census Tract 76.04, District of Columbia, District of Columbia",680,115,638,124,42,45
1500000US110010076042,110010076042,"Block Group 2, Census Tract 76.04, District of Columbia, District of Columbia",709,101,594,102,115,67
1500000US110010076043,110010076043,"Block Group 3, Census Tract 76.04, District of Columbia, District of Columbia",698,131,577,121,121,71
1500000US110010076051,110010076051,"Block Group 1, Census Tract 76.05, District of Columbia, District of Columbia",252,63,252,63,0,12
1500000US110010076052,110010076052,"Block Group 2, Census Tract 76.05, District of Columbia, District of Columbia",1215,103,1046,115,169,65
1500000US110010076053,110010076053,"Block Group 3, Census Tract 76.05, District of Columbia, District of Columbia",418,89,323,84,95,60
1500000US110010077031,110010077031,"Block Group 1, Census Tract 77.03, District of Columbia, District of Columbia",394,118,364,121,30,49
1500000US110010077032,110010077032,"Block Group 2, Census Tract 77.03, District of Columbia, District of Columbia",566,151,453,144,113,82
1500000US110010077033,110010077033,"Block Group 3, Census Tract 77.03, District of Columbia, District of Columbia",1207,180,1180,183,27,45
1500000US110010077034,110010077034,"Block Group 4, Census Tract 77.03, District of Columbia, District of Columbia",332,135,241,125,91,67
1500000US110010077071,110010077071,"Block Group 1, Census Tract 77.07, District of Columbia, District of Columbia",1178,99,965,106,213,74
1500000US110010077072,110010077072,"Block Group 2, Census Tract 77.07, District of Columbia, District of Columbia",653,93,574,94,79,61
1500000US110010077081,110010077081,"Block Group 1, Census Tract 77.08, District of Columbia, District of Columbia",604,91,583,87,21,34
1500000US110010077082,110010077082,"Block Group 2, Census Tract 77.08, District of Columbia, District of Columbia",732,87,596,97,136,72
1500000US110010077091,110010077091,"Block Group 1, Census Tract 77.09, District of Columbia, District of Columbia",712,69,621,75,91,52
1500000US110010077092,110010077092,"Block Group 2, Census Tract 77.09, District of Columbia, District of Columbia",475,78,414,81,61,42
1500000US110010078031,110010078031,"Block Group 1, Census Tract 78.03, District of Columbia, District of Columbia",449,104,424,101,25,39
1500000US110010078032,110010078032,"Block Group 2, Census Tract 78.03, District of Columbia, District of Columbia",280,62,280,62,0,12
1500000US110010078033,110010078033,"Block Group 3, Census Tract 78.03, District of Columbia, District of Columbia",194,71,145,56,49,56
1500000US110010078034,110010078034,"Block Group 4, Census Tract 78.03, District of Columbia, District of Columbia",934,122,787,133,147,87
1500000US110010078041,110010078041,"Block Group 1, Census Tract 78.04, District of Columbia, District of Columbia",362,98,293,97,69,62
1500000US110010078042,110010078042,"Block Group 2, Census Tract 78.04, District of Columbia, District of Columbia",733,126,620,119,113,79
1500000US110010078043,110010078043,"Block Group 3, Census Tract 78.04, District of Columbia, District of Columbia",347,83,302,76,45,50
1500000US110010078061,110010078061,"Block Group 1, Census Tract 78.06, District of Columbia, District of Columbia",522,82,453,76,69,52
1500000US110010078062,110010078062,"Block Group 2, Census Tract 78.06, District of Columbia, District of Columbia",547,88,425,81,122,62
1500000US110010078071,110010078071,"Block Group 1, Census Tract 78.07, District of Columbia, District of Columbia",566,66,522,61,44,33
1500000US110010078072,110010078072,"Block Group 2, Census Tract 78.07, District of Columbia, District of Columbia",436,60,377,64,59,40
1500000US110010078081,110010078081,"Block Group 1, Census Tract 78.08, District of Columbia, District of Columbia",687,157,640,163,47,53
1500000US110010078082,110010078082,"Block Group 2, Census Tract 78.08, District of Columbia, District of Columbia",572,102,406,88,166,97
1500000US110010078083,110010078083,"Block Group 3, Census Tract 78.08, District of Columbia, District of Columbia",399,116,320,113,79,65
1500000US110010078091,110010078091,"Block Group 1, Census Tract 78.09, District of Columbia, District of Columbia",983,118,856,142,127,70
1500000US110010078092,110010078092,"Block Group 2, Census Tract 78.09, District of Columbia, District of Columbia",404,100,385,91,19,32
1500000US110010079011,110010079011,"Block Group 1, Census Tract 79.01, District of Columbia, District of Columbia",247,78,201,74,46,42
1500000US110010079012,110010079012,"Block Group 2, Census Tract 79.01, District of Columbia, District of Columbia",475,74,373,80,102,65
1500000US110010079013,110010079013,"Block Group 3, Census Tract 79.01, District of Columbia, District of Columbia",622,84,550,92,72,54
1500000US110010079014,110010079014,"Block Group 4, Census Tract 79.01, District of Columbia, District of Columbia",492,80,423,82,69,47
1500000US110010079031,110010079031,"Block Group 1, Census Tract 79.03, District of Columbia, District of Columbia",922,27,796,57,126,54
1500000US110010080011,110010080011,"Block Group 1, Census Tract 80.01, District of Columbia, District of Columbia",387,89,322,89,65,51
1500000US110010080012,110010080012,"Block Group 2, Census Tract 80.01, District of Columbia, District of Columbia",698,87,679,86,19,30
1500000US110010080013,110010080013,"Block Group 3, Census Tract 80.01, District of Columbia, District of Columbia",318,66,292,65,26,43
1500000US110010080021,110010080021,"Block Group 1, Census Tract 80.02, District of Columbia, District of Columbia",639,81,608,79,31,39
1500000US110010080022,110010080022,"Block Group 2, Census Tract 80.02, District of Columbia, District of Columbia",987,92,932,90,55,53
1500000US110010081001,110010081001,"Block Group 1, Census Tract 81, District of Columbia, District of Columbia",356,63,356,63,0,12
1500000US110010081002,110010081002,"Block Group 2, Census Tract 81, District of Columbia, District of Columbia",696,76,682,80,14,24
1500000US110010081003,110010081003,"Block Group 3, Census Tract 81, District of Columbia, District of Columbia",478,75,408,68,70,59
1500000US110010082001,110010082001,"Block Group 1, Census Tract 82, District of Columbia, District of Columbia",471,72,431,66,40,51
1500000US110010082002,110010082002,"Block Group 2, Census Tract 82, District of Columbia, District of Columbia",1062,76,997,101,65,63
1500000US110010083011,110010083011,"Block Group 1, Census Tract 83.01, District of Columbia, District of Columbia",559,71,495,80,64,57
1500000US110010083012,110010083012,"Block Group 2, Census Tract 83.01, District of Columbia, District of Columbia",603,80,526,84,77,64
1500000US110010083021,110010083021,"Block Group 1, Census Tract 83.02, District of Columbia, District of Columbia",1012,34,962,48,50,37
1500000US110010084021,110010084021,"Block Group 1, Census Tract 84.02, District of Columbia, District of Columbia",491,69,465,75,26,36
1500000US110010084022,110010084022,"Block Group 2, Census Tract 84.02, District of Columbia, District of Columbia",724,72,702,71,22,34
1500000US110010084101,110010084101,"Block Group 1, Census Tract 84.10, District of Columbia, District of Columbia",633,33,561,42,72,41
1500000US110010087011,110010087011,"Block Group 1, Census Tract 87.01, District of Columbia, District of Columbia",633,88,560,87,73,48
1500000US110010087012,110010087012,"Block Group 2, Census Tract 87.01, District of Columbia, District of Columbia",540,74,429,77,111,65
1500000US110010087021,110010087021,"Block Group 1, Census Tract 87.02, District of Columbia, District of Columbia",568,51,458,55,110,43
1500000US110010087022,110010087022,"Block Group 2, Census Tract 87.02, District of Columbia, District of Columbia",390,49,390,49,0,12
1500000US110010088021,110010088021,"Block Group 1, Census Tract 88.02, District of Columbia, District of Columbia",304,85,262,78,42,45
1500000US110010088022,110010088022,"Block Group 2, Census Tract 88.02, District of Columbia, District of Columbia",710,96,649,98,61,55
1500000US110010088023,110010088023,"Block Group 3, Census Tract 88.02, District of Columbia, District of Columbia",538,103,494,104,44,51
1500000US110010088024,110010088024,"Block Group 4, Census Tract 88.02, District of Columbia, District of Columbia",500,93,459,86,41,47
1500000US110010088031,110010088031,"Block Group 1, Census Tract 88.03, District of Columbia, District of Columbia",692,29,573,57,119,47
1500000US110010088041,110010088041,"Block Group 1, Census Tract 88.04, District of Columbia, District of Columbia",537,101,395,109,142,78
1500000US110010088042,110010088042,"Block Group 2, Census Tract 88.04, District of Columbia, District of Columbia",946,122,781,135,165,84
1500000US110010089031,110010089031,"Block Group 1, Census Tract 89.03, District of Columbia, District of Columbia",1256,130,1113,132,143,79
1500000US110010089032,110010089032,"Block Group 2, Census Tract 89.03, District of Columbia, District of Columbia",470,113,345,111,125,81
1500000US110010089041,110010089041,"Block Group 1, Census Tract 89.04, District of Columbia, District of Columbia",1366,129,1181,153,185,89
1500000US110010089042,110010089042,"Block Group 2, Census Tract 89.04, District of Columbia, District of Columbia",601,127,490,128,111,66
1500000US110010090001,110010090001,"Block Group 1, Census Tract 90, District of Columbia, District of Columbia",929,107,896,111,33,42
1500000US110010090002,110010090002,"Block Group 2, Census Tract 90, District of Columbia, District of Columbia",953,102,912,110,41,48
1500000US110010091021,110010091021,"Block Group 1, Census Tract 91.02, District of Columbia, District of Columbia",399,93,383,89,16,25
1500000US110010091022,110010091022,"Block Group 2, Census Tract 91.02, District of Columbia, District of Columbia",1169,121,1090,121,79,66
1500000US110010091023,110010091023,"Block Group 3, Census Tract 91.02, District of Columbia, District of Columbia",628,95,603,99,25,27
1500000US110010092011,110010092011,"Block Group 1, Census Tract 92.01, District of Columbia, District of Columbia",1015,51,905,70,110,59
1500000US110010092031,110010092031,"Block Group 1, Census Tract 92.03, District of Columbia, District of Columbia",427,84,412,87,15,26
1500000US110010092032,110010092032,"Block Group 2, Census Tract 92.03, District of Columbia, District of Columbia",860,91,636,122,224,103
1500000US110010092041,110010092041,"Block Group 1, Census Tract 92.04, District of Columbia, District of Columbia",513,101,426,77,87,59
1500000US110010092042,110010092042,"Block Group 2, Census Tract 92.04, District of Columbia, District of Columbia",904,116,888,114,16,26
1500000US110010093011,110010093011,"Block Group 1, Census Tract 93.01, District of Columbia, District of Columbia",293,77,293,77,0,12
1500000US110010093012,110010093012,"Block Group 2, Census Tract 93.01, District of Columbia, District of Columbia",426,81,398,81,28,45
1500000US110010093013,110010093013,"Block Group 3, Census Tract 93.01, District of Columbia, District of Columbia",319,83,281,82,38,45
1500000US110010093014,110010093014,"Block Group 4, Census Tract 93.01, District of Columbia, District of Columbia",278,81,278,81,0,12
1500000US110010093021,110010093021,"Block Group 1, Census Tract 93.02, District of Columbia, District of Columbia",556,42,509,47,47,41
1500000US110010094001,110010094001,"Block Group 1, Census Tract 94, District of Columbia, District of Columbia",343,65,302,70,41,46
1500000US110010094002,110010094002,"Block Group 2, Census Tract 94, District of Columbia, District of Columbia",556,89,493,88,63,54
1500000US110010094003,110010094003,"Block Group 3, Census Tract 94, District of Columbia, District of Columbia",556,94,549,95,7,11
1500000US110010094004,110010094004,"Block Group 4, Census Tract 94, District of Columbia, District of Columbia",395,88,355,83,40,45
1500000US110010095011,110010095011,"Block Group 1, Census Tract 95.01, District of Columbia, District of Columbia",952,128,936,129,16,27
1500000US110010095012,110010095012,"Block Group 2, Census Tract 95.01, District of Columbia, District of Columbia",374,89,353,95,21,33
1500000US110010095013,110010095013,"Block Group 3, Census Tract 95.01, District of Columbia, District of Columbia",676,112,619,108,57,55
1500000US110010095031,110010095031,"Block Group 1, Census Tract 95.03, District of Columbia, District of Columbia",655,110,647,112,8,11
1500000US110010095032,110010095032,"Block Group 2, Census Tract 95.03, District of Columbia, District of Columbia",307,84,307,84,0,12
1500000US110010095033,110010095033,"Block Group 3, Census Tract 95.03, District of Columbia, District of Columbia",358,76,316,78,42,45
1500000US110010095041,110010095041,"Block Group 1, Census Tract 95.04, District of Columbia, District of Columbia",905,83,832,93,73,73
1500000US110010095042,110010095042,"Block Group 2, Census Tract 95.04, District of Columbia, District of Columbia",513,77,473,81,40,50
1500000US110010095051,110010095051,"Block Group 1, Census Tract 95.05, District of Columbia, District of Columbia",278,89,240,79,38,58
1500000US110010095052,110010095052,"Block Group 2, Census Tract 95.05, District of Columbia, District of Columbia",453,98,315,84,138,89
1500000US110010095053,110010095053,"Block Group 3, Census Tract 95.05, District of Columbia, District of Columbia",588,99,530,114,58,66
1500000US110010095071,110010095071,"Block Group 1, Census Tract 95.07, District of Columbia, District of Columbia",623,29,582,43,41,36
1500000US110010095081,110010095081,"Block Group 1, Census Tract 95.08, District of Columbia, District of Columbia",566,123,506,122,60,56
1500000US110010095082,110010095082,"Block Group 2, Census Tract 95.08, District of Columbia, District of Columbia",576,93,567,94,9,14
1500000US110010095083,110010095083,"Block Group 3, Census Tract 95.08, District of Columbia, District of Columbia",599,108,553,107,46,53
1500000US110010095091,110010095091,"Block Group 1, Census Tract 95.09, District of Columbia, District of Columbia",486,101,458,99,28,45
1500000US110010095092,110010095092,"Block Group 2, Census Tract 95.09, District of Columbia, District of Columbia",394,98,361,93,33,41
1500000US110010095093,110010095093,"Block Group 3, Census Tract 95.09, District of Columbia, District of Columbia",490,100,465,100,25,39
1500000US110010096011,110010096011,"Block Group 1, Census Tract 96.01, District of Columbia, District of Columbia",919,48,850,75,69,58
1500000US110010096021,110010096021,"Block Group 1, Census Tract 96.02, District of Columbia, District of Columbia",776,124,729,105,47,53
1500000US110010096022,110010096022,"Block Group 2, Census Tract 96.02, District of Columbia, District of Columbia",922,121,881,132,41,46
1500000US110010096031,110010096031,"Block Group 1, Census Tract 96.03, District of Columbia, District of Columbia",870,112,787,112,83,64
1500000US110010096032,110010096032,"Block Group 2, Census Tract 96.03, District of Columbia, District of Columbia",294,74,248,65,46,50
1500000US110010096033,110010096033,"Block Group 3, Census Tract 96.03, District of Columbia, District of Columbia",653,119,589,122,64,58
1500000US110010096041,110010096041,"Block Group 1, Census Tract 96.04, District of Columbia, District of Columbia",646,67,618,69,28,32
1500000US110010096042,110010096042,"Block Group 2, Census Tract 96.04, District of Columbia, District of Columbia",406,63,374,66,32,21
1500000US110010097001,110010097001,"Block Group 1, Census Tract 97, District of Columbia, District of Columbia",976,114,912,135,64,58
1500000US110010097002,110010097002,"Block Group 2, Census Tract 97, District of Columbia, District of Columbia",364,109,310,105,54,57
1500000US110010098011,110010098011,"Block Group 1, Census Tract 98.01, District of Columbia, District of Columbia",963,33,847,65,116,52
1500000US110010098021,110010098021,"Block Group 1, Census Tract 98.02, District of Columbia, District of Columbia",351,47,192,48,159,45
1500000US110010098022,110010098022,"Block Group 2, Census Tract 98.02, District of Columbia, District of Columbia",544,45,459,50,85,38
1500000US110010098031,110010098031,"Block Group 1, Census Tract 98.03, District of Columbia, District of Columbia",421,85,343,89,78,49
1500000US110010098032,110010098032,"Block Group 2, Census Tract 98.03, District of Columbia, District of Columbia",401,86,306,89,95,52
1500000US110010098033,110010098033,"Block Group 3, Census Tract 98.03, District of Columbia, District of Columbia",608,90,551,89,57,44
1500000US110010098041,110010098041,"Block Group 1, Census Tract 98.04, District of Columbia, District of Columbia",793,67,710,82,83,48
1500000US110010098042,110010098042,"Block Group 2, Census Tract 98.04, District of Columbia, District of Columbia",329,59,329,59,0,12
1500000US110010098071,110010098071,"Block Group 1, Census Tract 98.07, District of Columbia, District of Columbia",295,70,258,62,37,41
1500000US110010098072,110010098072,"Block Group 2, Census Tract 98.07, District of Columbia, District of Columbia",1330,72,985,115,345,107
1500000US110010098101,110010098101,"Block Group 1, Census Tract 98.10, District of Columbia, District of Columbia",757,109,733,108,24,40
1500000US110010098102,110010098102,"Block Group 2, Census Tract 98.10, District of Columbia, District of Columbia",454,87,454,87,0,12
1500000US110010098111,110010098111,"Block Group 1, Census Tract 98.11, District of Columbia, District of Columbia",977,122,773,136,204,100
1500000US110010098112,110010098112,"Block Group 2, Census Tract 98.11, District of Columbia, District of Columbia",1178,125,1079,131,99,67
1500000US110010099011,110010099011,"Block Group 1, Census Tract 99.01, District of Columbia, District of Columbia",366,76,366,76,0,12
1500000US110010099012,110010099012,"Block Group 2, Census Tract 99.01, District of Columbia, District of Columbia",749,77,642,82,107,69
1500000US110010099021,110010099021,"Block Group 1, Census Tract 99.02, District of Columbia, District of Columbia",425,100,357,103,68,68
1500000US110010099022,110010099022,"Block Group 2, Census Tract 99.02, District of Columbia, District of Columbia",908,115,738,91,170,89
1500000US110010099031,110010099031,"Block Group 1, Census Tract 99.03, District of Columbia, District of Columbia",471,70,434,69,37,41
1500000US110010099032,110010099032,"Block Group 2, Census Tract 99.03, District of Columbia, District of Columbia",287,65,253,64,34,36
1500000US110010099041,110010099041,"Block Group 1, Census Tract 99.04, District of Columbia, District of Columbia",415,74,287,75,128,49
1500000US110010099042,110010099042,"Block Group 2, Census Tract 99.04, District of Columbia, District of Columbia",898,77,738,85,160,57
1500000US110010099051,110010099051,"Block Group 1, Census Tract 99.05, District of Columbia, District of Columbia",541,85,430,98,111,62
1500000US110010099052,110010099052,"Block Group 2, Census Tract 99.05, District of Columbia, District of Columbia",408,83,313,80,95,60
1500000US110010099053,110010099053,"Block Group 3, Census Tract 99.05, District of Columbia, District of Columbia",437,85,364,93,73,49
1500000US110010099061,110010099061,"Block Group 1, Census Tract 99.06, District of Columbia, District of Columbia",790,34,678,59,112,42
1500000US110010099071,110010099071,"Block Group 1, Census Tract 99.07, District of Columbia, District of Columbia",267,90,243,84,24,29
1500000US110010099072,110010099072,"Block Group 2, Census Tract 99.07, District of Columbia, District of Columbia",998,89,927,101,71,62
1500000US110010101001,110010101001,"Block Group 1, Census Tract 101, District of Columbia, District of Columbia",1429,101,1244,114,185,104
1500000US110010101002,110010101002,"Block Group 2, Census Tract 101, District of Columbia, District of Columbia",555,91,548,93,7,12
1500000US110010102001,110010102001,"Block Group 1, Census Tract 102, District of Columbia, District of Columbia",523,69,494,70,29,32
1500000US110010102002,110010102002,"Block Group 2, Census Tract 102, District of Columbia, District of Columbia",1026,79,855,98,171,93
1500000US110010103001,110010103001,"Block Group 1, Census Tract 103, District of Columbia, District of Columbia",282,51,261,57,21,24
1500000US110010103002,110010103002,"Block Group 2, Census Tract 103, District of Columbia, District of Columbia",505,80,445,78,60,47
1500000US110010103003,110010103003,"Block Group 3, Census Tract 103, District of Columbia, District of Columbia",540,80,525,78,15,24
1500000US110010104001,110010104001,"Block Group 1, Census Tract 104, District of Columbia, District of Columbia",665,124,594,120,71,48
1500000US110010104002,110010104002,"Block Group 2, Census Tract 104, District of Columbia, District of Columbia",1140,133,951,142,189,92
1500000US110010105001,110010105001,"Block Group 1, Census Tract 105, District of Columbia, District of Columbia",940,150,927,152,13,22
1500000US110010105002,110010105002,"Block Group 2, Census Tract 105, District of Columbia, District of Columbia",1382,161,1300,169,82,86
1500000US110010106001,110010106001,"Block Group 1, Census Tract 106, District of Columbia, District of Columbia",391,83,360,69,31,50
1500000US110010106002,110010106002,"Block Group 2, Census Tract 106, District of Columbia, District of Columbia",2641,133,2331,149,310,156
1500000US110010106003,110010106003,"Block Group 3, Census Tract 106, District of Columbia, District of Columbia",287,78,287,78,0,12
1500000US110010107001,110010107001,"Block Group 1, Census Tract 107, District of Columbia, District of Columbia",497,72,468,70,29,46
1500000US110010107002,110010107002,"Block Group 2, Census Tract 107, District of Columbia, District of Columbia",762,79,631,91,131,83
1500000US110010108001,110010108001,"Block Group 1, Census Tract 108, District of Columbia, District of Columbia",299,67,218,54,81,63
1500000US110010108002,110010108002,"Block Group 2, Census Tract 108, District of Columbia, District of Columbia",537,82,475,86,62,57
1500000US110010108003,110010108003,"Block Group 3, Census Tract 108, District of Columbia, District of Columbia",258,70,231,58,27,46
1500000US110010109001,110010109001,"Block Group 1, Census Tract 109, District of Columbia, District of Columbia",866,102,855,103,11,18
1500000US110010109002,110010109002,"Block Group 2, Census Tract 109, District of Columbia, District of Columbia",596,97,450,96,146,82
1500000US110010110001,110010110001,"Block Group 1, Census Tract 110, District of Columbia, District of Columbia",305,108,254,96,51,83
1500000US110010110002,110010110002,"Block Group 2, Census Tract 110, District of Columbia, District of Columbia",629,114,573,97,56,66
1500000US110010110003,110010110003,"Block Group 3, Census Tract 110, District of Columbia, District of Columbia",596,115,548,128,48,78
1500000US110010110004,110010110004,"Block Group 4, Census Tract 110, District of Columbia, District of Columbia",1098,167,1043,169,55,65
1500000US110010111001,110010111001,"Block Group 1, Census Tract 111, District of Columbia, District of Columbia",629,108,565,114,64,58
1500000US110010111002,110010111002,"Block Group 2, Census Tract 111, District of Columbia, District of Columbia",709,90,681,92,28,31
1500000US110010111003,110010111003,"Block Group 3, Census Tract 111, District of Columbia, District of Columbia",579,103,477,111,102,57
