GEO.id,GEO.id2,GEO.display-label,HD01_VD01,HD02_VD01
Id,Id2,Geography,Estimate; Total,Margin of Error; Total
1500000US110010001001,110010001001,"Block Group 1, Census Tract 1, District of Columbia, District of Columbia",1382,312
1500000US110010001002,110010001002,"Block Group 2, Census Tract 1, District of Columbia, District of Columbia",1463,304
1500000US110010001003,110010001003,"Block Group 3, Census Tract 1, District of Columbia, District of Columbia",972,217
1500000US110010001004,110010001004,"Block Group 4, Census Tract 1, District of Columbia, District of Columbia",1188,337
1500000US110010002011,110010002011,"Block Group 1, Census Tract 2.01, District of Columbia, District of Columbia",3733,361
1500000US110010002021,110010002021,"Block Group 1, Census Tract 2.02, District of Columbia, District of Columbia",1224,326
1500000US110010002022,110010002022,"Block Group 2, Census Tract 2.02, District of Columbia, District of Columbia",566,138
1500000US110010002023,110010002023,"Block Group 3, Census Tract 2.02, District of Columbia, District of Columbia",895,246
1500000US110010002024,110010002024,"Block Group 4, Census Tract 2.02, District of Columbia, District of Columbia",1732,431
1500000US110010003001,110010003001,"Block Group 1, Census Tract 3, District of Columbia, District of Columbia",1114,308
1500000US110010003002,110010003002,"Block Group 2, Census Tract 3, District of Columbia, District of Columbia",1492,261
1500000US110010003003,110010003003,"Block Group 3, Census Tract 3, District of Columbia, District of Columbia",1611,625
1500000US110010003004,110010003004,"Block Group 4, Census Tract 3, District of Columbia, District of Columbia",1922,419
1500000US110010004001,110010004001,"Block Group 1, Census Tract 4, District of Columbia, District of Columbia",555,139
1500000US110010004002,110010004002,"Block Group 2, Census Tract 4, District of Columbia, District of Columbia",1052,217
1500000US110010005011,110010005011,"Block Group 1, Census Tract 5.01, District of Columbia, District of Columbia",1500,287
1500000US110010005012,110010005012,"Block Group 2, Census Tract 5.01, District of Columbia, District of Columbia",1981,308
1500000US110010005021,110010005021,"Block Group 1, Census Tract 5.02, District of Columbia, District of Columbia",1669,182
1500000US110010005022,110010005022,"Block Group 2, Census Tract 5.02, District of Columbia, District of Columbia",1376,163
1500000US110010006001,110010006001,"Block Group 1, Census Tract 6, District of Columbia, District of Columbia",1131,298
1500000US110010006002,110010006002,"Block Group 2, Census Tract 6, District of Columbia, District of Columbia",988,373
1500000US110010006003,110010006003,"Block Group 3, Census Tract 6, District of Columbia, District of Columbia",802,250
1500000US110010006004,110010006004,"Block Group 4, Census Tract 6, District of Columbia, District of Columbia",1927,364
1500000US110010007011,110010007011,"Block Group 1, Census Tract 7.01, District of Columbia, District of Columbia",1243,287
1500000US110010007012,110010007012,"Block Group 2, Census Tract 7.01, District of Columbia, District of Columbia",1382,422
1500000US110010007013,110010007013,"Block Group 3, Census Tract 7.01, District of Columbia, District of Columbia",1685,269
1500000US110010007014,110010007014,"Block Group 4, Census Tract 7.01, District of Columbia, District of Columbia",1015,349
1500000US110010007021,110010007021,"Block Group 1, Census Tract 7.02, District of Columbia, District of Columbia",1465,215
1500000US110010007022,110010007022,"Block Group 2, Census Tract 7.02, District of Columbia, District of Columbia",1031,261
1500000US110010007023,110010007023,"Block Group 3, Census Tract 7.02, District of Columbia, District of Columbia",860,267
1500000US110010008011,110010008011,"Block Group 1, Census Tract 8.01, District of Columbia, District of Columbia",2153,347
1500000US110010008012,110010008012,"Block Group 2, Census Tract 8.01, District of Columbia, District of Columbia",851,304
1500000US110010008013,110010008013,"Block Group 3, Census Tract 8.01, District of Columbia, District of Columbia",2626,604
1500000US110010008014,110010008014,"Block Group 4, Census Tract 8.01, District of Columbia, District of Columbia",1110,288
1500000US110010008021,110010008021,"Block Group 1, Census Tract 8.02, District of Columbia, District of Columbia",1840,233
1500000US110010008022,110010008022,"Block Group 2, Census Tract 8.02, District of Columbia, District of Columbia",1373,338
1500000US110010009011,110010009011,"Block Group 1, Census Tract 9.01, District of Columbia, District of Columbia",1663,267
1500000US110010009012,110010009012,"Block Group 2, Census Tract 9.01, District of Columbia, District of Columbia",1725,309
1500000US110010009013,110010009013,"Block Group 3, Census Tract 9.01, District of Columbia, District of Columbia",4310,320
1500000US110010009021,110010009021,"Block Group 1, Census Tract 9.02, District of Columbia, District of Columbia",1067,209
1500000US110010009022,110010009022,"Block Group 2, Census Tract 9.02, District of Columbia, District of Columbia",1400,170
1500000US110010010011,110010010011,"Block Group 1, Census Tract 10.01, District of Columbia, District of Columbia",943,262
1500000US110010010012,110010010012,"Block Group 2, Census Tract 10.01, District of Columbia, District of Columbia",2099,309
1500000US110010010013,110010010013,"Block Group 3, Census Tract 10.01, District of Columbia, District of Columbia",1069,212
1500000US110010010014,110010010014,"Block Group 4, Census Tract 10.01, District of Columbia, District of Columbia",1815,396
1500000US110010010015,110010010015,"Block Group 5, Census Tract 10.01, District of Columbia, District of Columbia",1032,264
1500000US110010010016,110010010016,"Block Group 6, Census Tract 10.01, District of Columbia, District of Columbia",965,227
1500000US110010010021,110010010021,"Block Group 1, Census Tract 10.02, District of Columbia, District of Columbia",1345,412
1500000US110010010022,110010010022,"Block Group 2, Census Tract 10.02, District of Columbia, District of Columbia",1521,275
1500000US110010010023,110010010023,"Block Group 3, Census Tract 10.02, District of Columbia, District of Columbia",895,261
1500000US110010011001,110010011001,"Block Group 1, Census Tract 11, District of Columbia, District of Columbia",1969,312
1500000US110010011002,110010011002,"Block Group 2, Census Tract 11, District of Columbia, District of Columbia",1465,319
1500000US110010011003,110010011003,"Block Group 3, Census Tract 11, District of Columbia, District of Columbia",814,268
1500000US110010011004,110010011004,"Block Group 4, Census Tract 11, District of Columbia, District of Columbia",768,240
1500000US110010012001,110010012001,"Block Group 1, Census Tract 12, District of Columbia, District of Columbia",1976,264
1500000US110010012002,110010012002,"Block Group 2, Census Tract 12, District of Columbia, District of Columbia",862,250
1500000US110010012003,110010012003,"Block Group 3, Census Tract 12, District of Columbia, District of Columbia",722,271
1500000US110010012004,110010012004,"Block Group 4, Census Tract 12, District of Columbia, District of Columbia",1390,272
1500000US110010013011,110010013011,"Block Group 1, Census Tract 13.01, District of Columbia, District of Columbia",1681,428
1500000US110010013012,110010013012,"Block Group 2, Census Tract 13.01, District of Columbia, District of Columbia",535,225
1500000US110010013013,110010013013,"Block Group 3, Census Tract 13.01, District of Columbia, District of Columbia",1615,381
1500000US110010013021,110010013021,"Block Group 1, Census Tract 13.02, District of Columbia, District of Columbia",2269,431
1500000US110010013022,110010013022,"Block Group 2, Census Tract 13.02, District of Columbia, District of Columbia",4366,670
1500000US110010013023,110010013023,"Block Group 3, Census Tract 13.02, District of Columbia, District of Columbia",731,336
1500000US110010014011,110010014011,"Block Group 1, Census Tract 14.01, District of Columbia, District of Columbia",2237,260
1500000US110010014012,110010014012,"Block Group 2, Census Tract 14.01, District of Columbia, District of Columbia",1103,181
1500000US110010014021,110010014021,"Block Group 1, Census Tract 14.02, District of Columbia, District of Columbia",956,188
1500000US110010014022,110010014022,"Block Group 2, Census Tract 14.02, District of Columbia, District of Columbia",965,191
1500000US110010014023,110010014023,"Block Group 3, Census Tract 14.02, District of Columbia, District of Columbia",1329,339
1500000US110010015001,110010015001,"Block Group 1, Census Tract 15, District of Columbia, District of Columbia",1796,503
1500000US110010015002,110010015002,"Block Group 2, Census Tract 15, District of Columbia, District of Columbia",883,246
1500000US110010015003,110010015003,"Block Group 3, Census Tract 15, District of Columbia, District of Columbia",854,287
1500000US110010015004,110010015004,"Block Group 4, Census Tract 15, District of Columbia, District of Columbia",1551,336
1500000US110010015005,110010015005,"Block Group 5, Census Tract 15, District of Columbia, District of Columbia",1184,298
1500000US110010016001,110010016001,"Block Group 1, Census Tract 16, District of Columbia, District of Columbia",1397,259
1500000US110010016002,110010016002,"Block Group 2, Census Tract 16, District of Columbia, District of Columbia",643,171
1500000US110010016003,110010016003,"Block Group 3, Census Tract 16, District of Columbia, District of Columbia",733,225
1500000US110010016004,110010016004,"Block Group 4, Census Tract 16, District of Columbia, District of Columbia",1682,328
1500000US110010017021,110010017021,"Block Group 1, Census Tract 17.02, District of Columbia, District of Columbia",1554,292
1500000US110010017022,110010017022,"Block Group 2, Census Tract 17.02, District of Columbia, District of Columbia",1485,260
1500000US110010018031,110010018031,"Block Group 1, Census Tract 18.03, District of Columbia, District of Columbia",1295,234
1500000US110010018032,110010018032,"Block Group 2, Census Tract 18.03, District of Columbia, District of Columbia",2764,341
1500000US110010018041,110010018041,"Block Group 1, Census Tract 18.04, District of Columbia, District of Columbia",1085,363
1500000US110010018042,110010018042,"Block Group 2, Census Tract 18.04, District of Columbia, District of Columbia",1694,647
1500000US110010018043,110010018043,"Block Group 3, Census Tract 18.04, District of Columbia, District of Columbia",2903,575
1500000US110010019011,110010019011,"Block Group 1, Census Tract 19.01, District of Columbia, District of Columbia",956,274
1500000US110010019012,110010019012,"Block Group 2, Census Tract 19.01, District of Columbia, District of Columbia",1024,351
1500000US110010019013,110010019013,"Block Group 3, Census Tract 19.01, District of Columbia, District of Columbia",1348,312
1500000US110010019014,110010019014,"Block Group 4, Census Tract 19.01, District of Columbia, District of Columbia",653,193
1500000US110010019021,110010019021,"Block Group 1, Census Tract 19.02, District of Columbia, District of Columbia",1604,295
1500000US110010019022,110010019022,"Block Group 2, Census Tract 19.02, District of Columbia, District of Columbia",739,164
1500000US110010020011,110010020011,"Block Group 1, Census Tract 20.01, District of Columbia, District of Columbia",1632,362
1500000US110010020012,110010020012,"Block Group 2, Census Tract 20.01, District of Columbia, District of Columbia",1327,248
1500000US110010020021,110010020021,"Block Group 1, Census Tract 20.02, District of Columbia, District of Columbia",905,238
1500000US110010020022,110010020022,"Block Group 2, Census Tract 20.02, District of Columbia, District of Columbia",1818,489
1500000US110010020023,110010020023,"Block Group 3, Census Tract 20.02, District of Columbia, District of Columbia",1211,289
1500000US110010021011,110010021011,"Block Group 1, Census Tract 21.01, District of Columbia, District of Columbia",1529,663
1500000US110010021012,110010021012,"Block Group 2, Census Tract 21.01, District of Columbia, District of Columbia",1163,531
1500000US110010021013,110010021013,"Block Group 3, Census Tract 21.01, District of Columbia, District of Columbia",1421,448
1500000US110010021014,110010021014,"Block Group 4, Census Tract 21.01, District of Columbia, District of Columbia",825,586
1500000US110010021015,110010021015,"Block Group 5, Census Tract 21.01, District of Columbia, District of Columbia",722,332
1500000US110010021021,110010021021,"Block Group 1, Census Tract 21.02, District of Columbia, District of Columbia",771,238
1500000US110010021022,110010021022,"Block Group 2, Census Tract 21.02, District of Columbia, District of Columbia",578,164
1500000US110010021023,110010021023,"Block Group 3, Census Tract 21.02, District of Columbia, District of Columbia",1275,359
1500000US110010021024,110010021024,"Block Group 4, Census Tract 21.02, District of Columbia, District of Columbia",1249,335
1500000US110010021025,110010021025,"Block Group 5, Census Tract 21.02, District of Columbia, District of Columbia",502,161
1500000US110010021026,110010021026,"Block Group 6, Census Tract 21.02, District of Columbia, District of Columbia",701,233
1500000US110010022011,110010022011,"Block Group 1, Census Tract 22.01, District of Columbia, District of Columbia",1495,426
1500000US110010022012,110010022012,"Block Group 2, Census Tract 22.01, District of Columbia, District of Columbia",1278,410
1500000US110010022013,110010022013,"Block Group 3, Census Tract 22.01, District of Columbia, District of Columbia",868,301
1500000US110010022021,110010022021,"Block Group 1, Census Tract 22.02, District of Columbia, District of Columbia",2203,530
1500000US110010022022,110010022022,"Block Group 2, Census Tract 22.02, District of Columbia, District of Columbia",978,291
1500000US110010022023,110010022023,"Block Group 3, Census Tract 22.02, District of Columbia, District of Columbia",664,215
1500000US110010023011,110010023011,"Block Group 1, Census Tract 23.01, District of Columbia, District of Columbia",1665,351
1500000US110010023012,110010023012,"Block Group 2, Census Tract 23.01, District of Columbia, District of Columbia",1714,279
1500000US110010023021,110010023021,"Block Group 1, Census Tract 23.02, District of Columbia, District of Columbia",1722,247
1500000US110010024001,110010024001,"Block Group 1, Census Tract 24, District of Columbia, District of Columbia",763,194
1500000US110010024002,110010024002,"Block Group 2, Census Tract 24, District of Columbia, District of Columbia",1395,289
1500000US110010024003,110010024003,"Block Group 3, Census Tract 24, District of Columbia, District of Columbia",1016,243
1500000US110010024004,110010024004,"Block Group 4, Census Tract 24, District of Columbia, District of Columbia",1124,317
1500000US110010025011,110010025011,"Block Group 1, Census Tract 25.01, District of Columbia, District of Columbia",1298,221
1500000US110010025012,110010025012,"Block Group 2, Census Tract 25.01, District of Columbia, District of Columbia",1688,294
1500000US110010025021,110010025021,"Block Group 1, Census Tract 25.02, District of Columbia, District of Columbia",1076,535
1500000US110010025022,110010025022,"Block Group 2, Census Tract 25.02, District of Columbia, District of Columbia",1871,414
1500000US110010025023,110010025023,"Block Group 3, Census Tract 25.02, District of Columbia, District of Columbia",1419,888
1500000US110010025024,110010025024,"Block Group 4, Census Tract 25.02, District of Columbia, District of Columbia",1676,456
1500000US110010026001,110010026001,"Block Group 1, Census Tract 26, District of Columbia, District of Columbia",1147,174
1500000US110010026002,110010026002,"Block Group 2, Census Tract 26, District of Columbia, District of Columbia",1480,181
1500000US110010027011,110010027011,"Block Group 1, Census Tract 27.01, District of Columbia, District of Columbia",752,216
1500000US110010027012,110010027012,"Block Group 2, Census Tract 27.01, District of Columbia, District of Columbia",1711,385
1500000US110010027013,110010027013,"Block Group 3, Census Tract 27.01, District of Columbia, District of Columbia",802,271
1500000US110010027014,110010027014,"Block Group 4, Census Tract 27.01, District of Columbia, District of Columbia",2591,628
1500000US110010027021,110010027021,"Block Group 1, Census Tract 27.02, District of Columbia, District of Columbia",1673,476
1500000US110010027022,110010027022,"Block Group 2, Census Tract 27.02, District of Columbia, District of Columbia",3057,518
1500000US110010027023,110010027023,"Block Group 3, Census Tract 27.02, District of Columbia, District of Columbia",1646,472
1500000US110010028011,110010028011,"Block Group 1, Census Tract 28.01, District of Columbia, District of Columbia",1346,275
1500000US110010028012,110010028012,"Block Group 2, Census Tract 28.01, District of Columbia, District of Columbia",2536,428
1500000US110010028021,110010028021,"Block Group 1, Census Tract 28.02, District of Columbia, District of Columbia",2680,432
1500000US110010028022,110010028022,"Block Group 2, Census Tract 28.02, District of Columbia, District of Columbia",1834,467
1500000US110010029001,110010029001,"Block Group 1, Census Tract 29, District of Columbia, District of Columbia",1943,364
1500000US110010029002,110010029002,"Block Group 2, Census Tract 29, District of Columbia, District of Columbia",2409,328
1500000US110010030001,110010030001,"Block Group 1, Census Tract 30, District of Columbia, District of Columbia",1573,273
1500000US110010030002,110010030002,"Block Group 2, Census Tract 30, District of Columbia, District of Columbia",1783,277
1500000US110010031001,110010031001,"Block Group 1, Census Tract 31, District of Columbia, District of Columbia",3176,360
1500000US110010032001,110010032001,"Block Group 1, Census Tract 32, District of Columbia, District of Columbia",915,307
1500000US110010032002,110010032002,"Block Group 2, Census Tract 32, District of Columbia, District of Columbia",911,279
1500000US110010032003,110010032003,"Block Group 3, Census Tract 32, District of Columbia, District of Columbia",1649,455
1500000US110010032004,110010032004,"Block Group 4, Census Tract 32, District of Columbia, District of Columbia",1603,463
1500000US110010033011,110010033011,"Block Group 1, Census Tract 33.01, District of Columbia, District of Columbia",1550,407
1500000US110010033012,110010033012,"Block Group 2, Census Tract 33.01, District of Columbia, District of Columbia",1368,292
1500000US110010033013,110010033013,"Block Group 3, Census Tract 33.01, District of Columbia, District of Columbia",1004,230
1500000US110010033021,110010033021,"Block Group 1, Census Tract 33.02, District of Columbia, District of Columbia",1093,185
1500000US110010033022,110010033022,"Block Group 2, Census Tract 33.02, District of Columbia, District of Columbia",1120,210
1500000US110010034001,110010034001,"Block Group 1, Census Tract 34, District of Columbia, District of Columbia",1573,288
1500000US110010034002,110010034002,"Block Group 2, Census Tract 34, District of Columbia, District of Columbia",3150,418
1500000US110010035001,110010035001,"Block Group 1, Census Tract 35, District of Columbia, District of Columbia",1859,375
1500000US110010035002,110010035002,"Block Group 2, Census Tract 35, District of Columbia, District of Columbia",3581,287
1500000US110010036001,110010036001,"Block Group 1, Census Tract 36, District of Columbia, District of Columbia",1484,396
1500000US110010036002,110010036002,"Block Group 2, Census Tract 36, District of Columbia, District of Columbia",1593,404
1500000US110010036003,110010036003,"Block Group 3, Census Tract 36, District of Columbia, District of Columbia",2046,606
1500000US110010037001,110010037001,"Block Group 1, Census Tract 37, District of Columbia, District of Columbia",1734,416
1500000US110010037002,110010037002,"Block Group 2, Census Tract 37, District of Columbia, District of Columbia",2401,667
1500000US110010037003,110010037003,"Block Group 3, Census Tract 37, District of Columbia, District of Columbia",1724,466
1500000US110010038001,110010038001,"Block Group 1, Census Tract 38, District of Columbia, District of Columbia",2701,385
1500000US110010038002,110010038002,"Block Group 2, Census Tract 38, District of Columbia, District of Columbia",1658,263
1500000US110010038003,110010038003,"Block Group 3, Census Tract 38, District of Columbia, District of Columbia",679,184
1500000US110010039001,110010039001,"Block Group 1, Census Tract 39, District of Columbia, District of Columbia",1291,234
1500000US110010039002,110010039002,"Block Group 2, Census Tract 39, District of Columbia, District of Columbia",1178,354
1500000US110010039003,110010039003,"Block Group 3, Census Tract 39, District of Columbia, District of Columbia",1148,232
1500000US110010039004,110010039004,"Block Group 4, Census Tract 39, District of Columbia, District of Columbia",862,255
1500000US110010040011,110010040011,"Block Group 1, Census Tract 40.01, District of Columbia, District of Columbia",1812,495
1500000US110010040012,110010040012,"Block Group 2, Census Tract 40.01, District of Columbia, District of Columbia",503,112
1500000US110010040013,110010040013,"Block Group 3, Census Tract 40.01, District of Columbia, District of Columbia",1995,282
1500000US110010040021,110010040021,"Block Group 1, Census Tract 40.02, District of Columbia, District of Columbia",662,181
1500000US110010040022,110010040022,"Block Group 2, Census Tract 40.02, District of Columbia, District of Columbia",1756,299
1500000US110010040023,110010040023,"Block Group 3, Census Tract 40.02, District of Columbia, District of Columbia",719,146
1500000US110010041001,110010041001,"Block Group 1, Census Tract 41, District of Columbia, District of Columbia",1384,259
1500000US110010041002,110010041002,"Block Group 2, Census Tract 41, District of Columbia, District of Columbia",661,133
1500000US110010041003,110010041003,"Block Group 3, Census Tract 41, District of Columbia, District of Columbia",704,205
1500000US110010042011,110010042011,"Block Group 1, Census Tract 42.01, District of Columbia, District of Columbia",1554,239
1500000US110010042012,110010042012,"Block Group 2, Census Tract 42.01, District of Columbia, District of Columbia",2155,390
1500000US110010042021,110010042021,"Block Group 1, Census Tract 42.02, District of Columbia, District of Columbia",1195,180
1500000US110010042022,110010042022,"Block Group 2, Census Tract 42.02, District of Columbia, District of Columbia",1297,204
1500000US110010043001,110010043001,"Block Group 1, Census Tract 43, District of Columbia, District of Columbia",2228,325
1500000US110010043002,110010043002,"Block Group 2, Census Tract 43, District of Columbia, District of Columbia",1690,326
1500000US110010044001,110010044001,"Block Group 1, Census Tract 44, District of Columbia, District of Columbia",3252,387
1500000US110010044002,110010044002,"Block Group 2, Census Tract 44, District of Columbia, District of Columbia",2299,508
1500000US110010046001,110010046001,"Block Group 1, Census Tract 46, District of Columbia, District of Columbia",1263,293
1500000US110010046002,110010046002,"Block Group 2, Census Tract 46, District of Columbia, District of Columbia",1570,307
1500000US110010047011,110010047011,"Block Group 1, Census Tract 47.01, District of Columbia, District of Columbia",1713,443
1500000US110010047012,110010047012,"Block Group 2, Census Tract 47.01, District of Columbia, District of Columbia",3141,465
1500000US110010047021,110010047021,"Block Group 1, Census Tract 47.02, District of Columbia, District of Columbia",2875,279
1500000US110010048011,110010048011,"Block Group 1, Census Tract 48.01, District of Columbia, District of Columbia",2560,290
1500000US110010048021,110010048021,"Block Group 1, Census Tract 48.02, District of Columbia, District of Columbia",1408,277
1500000US110010048022,110010048022,"Block Group 2, Census Tract 48.02, District of Columbia, District of Columbia",2132,316
1500000US110010049011,110010049011,"Block Group 1, Census Tract 49.01, District of Columbia, District of Columbia",1379,229
1500000US110010049012,110010049012,"Block Group 2, Census Tract 49.01, District of Columbia, District of Columbia",1447,257
1500000US110010049021,110010049021,"Block Group 1, Census Tract 49.02, District of Columbia, District of Columbia",702,217
1500000US110010049022,110010049022,"Block Group 2, Census Tract 49.02, District of Columbia, District of Columbia",2453,430
1500000US110010050011,110010050011,"Block Group 1, Census Tract 50.01, District of Columbia, District of Columbia",801,188
1500000US110010050012,110010050012,"Block Group 2, Census Tract 50.01, District of Columbia, District of Columbia",1275,294
1500000US110010050021,110010050021,"Block Group 1, Census Tract 50.02, District of Columbia, District of Columbia",1473,308
1500000US110010050022,110010050022,"Block Group 2, Census Tract 50.02, District of Columbia, District of Columbia",1943,319
1500000US110010050023,110010050023,"Block Group 3, Census Tract 50.02, District of Columbia, District of Columbia",1240,651
1500000US110010050024,110010050024,"Block Group 4, Census Tract 50.02, District of Columbia, District of Columbia",1315,296
1500000US110010052011,110010052011,"Block Group 1, Census Tract 52.01, District of Columbia, District of Columbia",2091,463
1500000US110010052012,110010052012,"Block Group 2, Census Tract 52.01, District of Columbia, District of Columbia",1376,381
1500000US110010052013,110010052013,"Block Group 3, Census Tract 52.01, District of Columbia, District of Columbia",706,217
1500000US110010052014,110010052014,"Block Group 4, Census Tract 52.01, District of Columbia, District of Columbia",2032,468
1500000US110010053011,110010053011,"Block Group 1, Census Tract 53.01, District of Columbia, District of Columbia",917,168
1500000US110010053012,110010053012,"Block Group 2, Census Tract 53.01, District of Columbia, District of Columbia",1520,277
1500000US110010053013,110010053013,"Block Group 3, Census Tract 53.01, District of Columbia, District of Columbia",1352,226
1500000US110010053014,110010053014,"Block Group 4, Census Tract 53.01, District of Columbia, District of Columbia",1201,269
1500000US110010055001,110010055001,"Block Group 1, Census Tract 55, District of Columbia, District of Columbia",820,352
1500000US110010055002,110010055002,"Block Group 2, Census Tract 55, District of Columbia, District of Columbia",2508,516
1500000US110010055003,110010055003,"Block Group 3, Census Tract 55, District of Columbia, District of Columbia",1710,406
1500000US110010055004,110010055004,"Block Group 4, Census Tract 55, District of Columbia, District of Columbia",998,301
1500000US110010055005,110010055005,"Block Group 5, Census Tract 55, District of Columbia, District of Columbia",744,236
1500000US110010056001,110010056001,"Block Group 1, Census Tract 56, District of Columbia, District of Columbia",1905,339
1500000US110010056002,110010056002,"Block Group 2, Census Tract 56, District of Columbia, District of Columbia",1905,304
1500000US110010056003,110010056003,"Block Group 3, Census Tract 56, District of Columbia, District of Columbia",1788,316
1500000US110010056004,110010056004,"Block Group 4, Census Tract 56, District of Columbia, District of Columbia",1086,293
1500000US110010058001,110010058001,"Block Group 1, Census Tract 58, District of Columbia, District of Columbia",1084,165
1500000US110010058002,110010058002,"Block Group 2, Census Tract 58, District of Columbia, District of Columbia",1685,301
1500000US110010059001,110010059001,"Block Group 1, Census Tract 59, District of Columbia, District of Columbia",2760,292
1500000US110010062021,110010062021,"Block Group 1, Census Tract 62.02, District of Columbia, District of Columbia",65,106
1500000US110010064001,110010064001,"Block Group 1, Census Tract 64, District of Columbia, District of Columbia",1322,317
1500000US110010064002,110010064002,"Block Group 2, Census Tract 64, District of Columbia, District of Columbia",1133,256
1500000US110010065001,110010065001,"Block Group 1, Census Tract 65, District of Columbia, District of Columbia",859,184
1500000US110010065002,110010065002,"Block Group 2, Census Tract 65, District of Columbia, District of Columbia",1710,346
1500000US110010066001,110010066001,"Block Group 1, Census Tract 66, District of Columbia, District of Columbia",2027,204
1500000US110010067001,110010067001,"Block Group 1, Census Tract 67, District of Columbia, District of Columbia",1384,182
1500000US110010067002,110010067002,"Block Group 2, Census Tract 67, District of Columbia, District of Columbia",1504,222
1500000US110010067003,110010067003,"Block Group 3, Census Tract 67, District of Columbia, District of Columbia",1296,170
1500000US110010068011,110010068011,"Block Group 1, Census Tract 68.01, District of Columbia, District of Columbia",1587,178
1500000US110010068012,110010068012,"Block Group 2, Census Tract 68.01, District of Columbia, District of Columbia",555,108
1500000US110010068021,110010068021,"Block Group 1, Census Tract 68.02, District of Columbia, District of Columbia",951,142
1500000US110010068022,110010068022,"Block Group 2, Census Tract 68.02, District of Columbia, District of Columbia",1537,203
1500000US110010068041,110010068041,"Block Group 1, Census Tract 68.04, District of Columbia, District of Columbia",2803,288
1500000US110010069001,110010069001,"Block Group 1, Census Tract 69, District of Columbia, District of Columbia",1421,189
1500000US110010069002,110010069002,"Block Group 2, Census Tract 69, District of Columbia, District of Columbia",799,180
1500000US110010070001,110010070001,"Block Group 1, Census Tract 70, District of Columbia, District of Columbia",1441,251
1500000US110010070002,110010070002,"Block Group 2, Census Tract 70, District of Columbia, District of Columbia",1393,252
1500000US110010071001,110010071001,"Block Group 1, Census Tract 71, District of Columbia, District of Columbia",703,391
1500000US110010071002,110010071002,"Block Group 2, Census Tract 71, District of Columbia, District of Columbia",2646,342
1500000US110010072001,110010072001,"Block Group 1, Census Tract 72, District of Columbia, District of Columbia",3469,260
1500000US110010072002,110010072002,"Block Group 2, Census Tract 72, District of Columbia, District of Columbia",1195,190
1500000US110010073011,110010073011,"Block Group 1, Census Tract 73.01, District of Columbia, District of Columbia",4680,401
1500000US110010073041,110010073041,"Block Group 1, Census Tract 73.04, District of Columbia, District of Columbia",2163,403
1500000US110010073042,110010073042,"Block Group 2, Census Tract 73.04, District of Columbia, District of Columbia",946,233
1500000US110010073043,110010073043,"Block Group 3, Census Tract 73.04, District of Columbia, District of Columbia",318,172
1500000US110010074011,110010074011,"Block Group 1, Census Tract 74.01, District of Columbia, District of Columbia",1206,164
1500000US110010074012,110010074012,"Block Group 2, Census Tract 74.01, District of Columbia, District of Columbia",1108,226
1500000US110010074031,110010074031,"Block Group 1, Census Tract 74.03, District of Columbia, District of Columbia",3192,374
1500000US110010074041,110010074041,"Block Group 1, Census Tract 74.04, District of Columbia, District of Columbia",2098,635
1500000US110010074042,110010074042,"Block Group 2, Census Tract 74.04, District of Columbia, District of Columbia",1533,675
1500000US110010074043,110010074043,"Block Group 3, Census Tract 74.04, District of Columbia, District of Columbia",154,138
1500000US110010074061,110010074061,"Block Group 1, Census Tract 74.06, District of Columbia, District of Columbia",1764,487
1500000US110010074062,110010074062,"Block Group 2, Census Tract 74.06, District of Columbia, District of Columbia",1190,385
1500000US110010074071,110010074071,"Block Group 1, Census Tract 74.07, District of Columbia, District of Columbia",807,242
1500000US110010074072,110010074072,"Block Group 2, Census Tract 74.07, District of Columbia, District of Columbia",2094,238
1500000US110010074081,110010074081,"Block Group 1, Census Tract 74.08, District of Columbia, District of Columbia",3607,453
1500000US110010074091,110010074091,"Block Group 1, Census Tract 74.09, District of Columbia, District of Columbia",1099,366
1500000US110010074092,110010074092,"Block Group 2, Census Tract 74.09, District of Columbia, District of Columbia",1310,353
1500000US110010074093,110010074093,"Block Group 3, Census Tract 74.09, District of Columbia, District of Columbia",1485,419
1500000US110010075021,110010075021,"Block Group 1, Census Tract 75.02, District of Columbia, District of Columbia",3407,603
1500000US110010075022,110010075022,"Block Group 2, Census Tract 75.02, District of Columbia, District of Columbia",1757,406
1500000US110010075031,110010075031,"Block Group 1, Census Tract 75.03, District of Columbia, District of Columbia",648,181
1500000US110010075032,110010075032,"Block Group 2, Census Tract 75.03, District of Columbia, District of Columbia",2000,316
1500000US110010075041,110010075041,"Block Group 1, Census Tract 75.04, District of Columbia, District of Columbia",2903,400
1500000US110010076011,110010076011,"Block Group 1, Census Tract 76.01, District of Columbia, District of Columbia",877,315
1500000US110010076012,110010076012,"Block Group 2, Census Tract 76.01, District of Columbia, District of Columbia",260,95
1500000US110010076013,110010076013,"Block Group 3, Census Tract 76.01, District of Columbia, District of Columbia",2116,553
1500000US110010076014,110010076014,"Block Group 4, Census Tract 76.01, District of Columbia, District of Columbia",756,323
1500000US110010076015,110010076015,"Block Group 5, Census Tract 76.01, District of Columbia, District of Columbia",900,376
1500000US110010076031,110010076031,"Block Group 1, Census Tract 76.03, District of Columbia, District of Columbia",1578,553
1500000US110010076032,110010076032,"Block Group 2, Census Tract 76.03, District of Columbia, District of Columbia",402,193
1500000US110010076033,110010076033,"Block Group 3, Census Tract 76.03, District of Columbia, District of Columbia",854,440
1500000US110010076034,110010076034,"Block Group 4, Census Tract 76.03, District of Columbia, District of Columbia",1200,422
1500000US110010076041,110010076041,"Block Group 1, Census Tract 76.04, District of Columbia, District of Columbia",1412,384
1500000US110010076042,110010076042,"Block Group 2, Census Tract 76.04, District of Columbia, District of Columbia",1401,318
1500000US110010076043,110010076043,"Block Group 3, Census Tract 76.04, District of Columbia, District of Columbia",1199,338
1500000US110010076051,110010076051,"Block Group 1, Census Tract 76.05, District of Columbia, District of Columbia",698,237
1500000US110010076052,110010076052,"Block Group 2, Census Tract 76.05, District of Columbia, District of Columbia",2387,350
1500000US110010076053,110010076053,"Block Group 3, Census Tract 76.05, District of Columbia, District of Columbia",908,327
1500000US110010077031,110010077031,"Block Group 1, Census Tract 77.03, District of Columbia, District of Columbia",797,396
1500000US110010077032,110010077032,"Block Group 2, Census Tract 77.03, District of Columbia, District of Columbia",1126,519
1500000US110010077033,110010077033,"Block Group 3, Census Tract 77.03, District of Columbia, District of Columbia",3112,700
1500000US110010077034,110010077034,"Block Group 4, Census Tract 77.03, District of Columbia, District of Columbia",486,296
1500000US110010077071,110010077071,"Block Group 1, Census Tract 77.07, District of Columbia, District of Columbia",2830,557
1500000US110010077072,110010077072,"Block Group 2, Census Tract 77.07, District of Columbia, District of Columbia",1677,406
1500000US110010077081,110010077081,"Block Group 1, Census Tract 77.08, District of Columbia, District of Columbia",1592,368
1500000US110010077082,110010077082,"Block Group 2, Census Tract 77.08, District of Columbia, District of Columbia",1420,312
1500000US110010077091,110010077091,"Block Group 1, Census Tract 77.09, District of Columbia, District of Columbia",1302,219
1500000US110010077092,110010077092,"Block Group 2, Census Tract 77.09, District of Columbia, District of Columbia",973,222
1500000US110010078031,110010078031,"Block Group 1, Census Tract 78.03, District of Columbia, District of Columbia",990,288
1500000US110010078032,110010078032,"Block Group 2, Census Tract 78.03, District of Columbia, District of Columbia",607,177
1500000US110010078033,110010078033,"Block Group 3, Census Tract 78.03, District of Columbia, District of Columbia",652,336
1500000US110010078034,110010078034,"Block Group 4, Census Tract 78.03, District of Columbia, District of Columbia",1458,347
1500000US110010078041,110010078041,"Block Group 1, Census Tract 78.04, District of Columbia, District of Columbia",1279,562
1500000US110010078042,110010078042,"Block Group 2, Census Tract 78.04, District of Columbia, District of Columbia",1384,287
1500000US110010078043,110010078043,"Block Group 3, Census Tract 78.04, District of Columbia, District of Columbia",884,332
1500000US110010078061,110010078061,"Block Group 1, Census Tract 78.06, District of Columbia, District of Columbia",1043,207
1500000US110010078062,110010078062,"Block Group 2, Census Tract 78.06, District of Columbia, District of Columbia",1035,275
1500000US110010078071,110010078071,"Block Group 1, Census Tract 78.07, District of Columbia, District of Columbia",1383,216
1500000US110010078072,110010078072,"Block Group 2, Census Tract 78.07, District of Columbia, District of Columbia",934,197
1500000US110010078081,110010078081,"Block Group 1, Census Tract 78.08, District of Columbia, District of Columbia",1909,605
1500000US110010078082,110010078082,"Block Group 2, Census Tract 78.08, District of Columbia, District of Columbia",842,297
1500000US110010078083,110010078083,"Block Group 3, Census Tract 78.08, District of Columbia, District of Columbia",1096,526
1500000US110010078091,110010078091,"Block Group 1, Census Tract 78.09, District of Columbia, District of Columbia",2003,393
1500000US110010078092,110010078092,"Block Group 2, Census Tract 78.09, District of Columbia, District of Columbia",1071,335
1500000US110010079011,110010079011,"Block Group 1, Census Tract 79.01, District of Columbia, District of Columbia",324,154
1500000US110010079012,110010079012,"Block Group 2, Census Tract 79.01, District of Columbia, District of Columbia",1014,242
1500000US110010079013,110010079013,"Block Group 3, Census Tract 79.01, District of Columbia, District of Columbia",1548,401
1500000US110010079014,110010079014,"Block Group 4, Census Tract 79.01, District of Columbia, District of Columbia",1011,228
1500000US110010079031,110010079031,"Block Group 1, Census Tract 79.03, District of Columbia, District of Columbia",1907,257
1500000US110010080011,110010080011,"Block Group 1, Census Tract 80.01, District of Columbia, District of Columbia",744,261
1500000US110010080012,110010080012,"Block Group 2, Census Tract 80.01, District of Columbia, District of Columbia",1527,217
1500000US110010080013,110010080013,"Block Group 3, Census Tract 80.01, District of Columbia, District of Columbia",891,311
1500000US110010080021,110010080021,"Block Group 1, Census Tract 80.02, District of Columbia, District of Columbia",1208,204
1500000US110010080022,110010080022,"Block Group 2, Census Tract 80.02, District of Columbia, District of Columbia",2229,241
1500000US110010081001,110010081001,"Block Group 1, Census Tract 81, District of Columbia, District of Columbia",825,187
1500000US110010081002,110010081002,"Block Group 2, Census Tract 81, District of Columbia, District of Columbia",1569,220
1500000US110010081003,110010081003,"Block Group 3, Census Tract 81, District of Columbia, District of Columbia",843,177
1500000US110010082001,110010082001,"Block Group 1, Census Tract 82, District of Columbia, District of Columbia",894,261
1500000US110010082002,110010082002,"Block Group 2, Census Tract 82, District of Columbia, District of Columbia",2112,259
1500000US110010083011,110010083011,"Block Group 1, Census Tract 83.01, District of Columbia, District of Columbia",1203,246
1500000US110010083012,110010083012,"Block Group 2, Census Tract 83.01, District of Columbia, District of Columbia",1216,232
1500000US110010083021,110010083021,"Block Group 1, Census Tract 83.02, District of Columbia, District of Columbia",2446,190
1500000US110010084021,110010084021,"Block Group 1, Census Tract 84.02, District of Columbia, District of Columbia",1022,243
1500000US110010084022,110010084022,"Block Group 2, Census Tract 84.02, District of Columbia, District of Columbia",1107,185
1500000US110010084101,110010084101,"Block Group 1, Census Tract 84.10, District of Columbia, District of Columbia",1454,188
1500000US110010087011,110010087011,"Block Group 1, Census Tract 87.01, District of Columbia, District of Columbia",1515,338
1500000US110010087012,110010087012,"Block Group 2, Census Tract 87.01, District of Columbia, District of Columbia",1127,332
1500000US110010087021,110010087021,"Block Group 1, Census Tract 87.02, District of Columbia, District of Columbia",1285,179
1500000US110010087022,110010087022,"Block Group 2, Census Tract 87.02, District of Columbia, District of Columbia",741,189
1500000US110010088021,110010088021,"Block Group 1, Census Tract 88.02, District of Columbia, District of Columbia",617,246
1500000US110010088022,110010088022,"Block Group 2, Census Tract 88.02, District of Columbia, District of Columbia",1628,381
1500000US110010088023,110010088023,"Block Group 3, Census Tract 88.02, District of Columbia, District of Columbia",1469,368
1500000US110010088024,110010088024,"Block Group 4, Census Tract 88.02, District of Columbia, District of Columbia",1183,371
1500000US110010088031,110010088031,"Block Group 1, Census Tract 88.03, District of Columbia, District of Columbia",2344,376
1500000US110010088041,110010088041,"Block Group 1, Census Tract 88.04, District of Columbia, District of Columbia",980,299
1500000US110010088042,110010088042,"Block Group 2, Census Tract 88.04, District of Columbia, District of Columbia",1520,309
1500000US110010089031,110010089031,"Block Group 1, Census Tract 89.03, District of Columbia, District of Columbia",2628,437
1500000US110010089032,110010089032,"Block Group 2, Census Tract 89.03, District of Columbia, District of Columbia",820,414
1500000US110010089041,110010089041,"Block Group 1, Census Tract 89.04, District of Columbia, District of Columbia",2255,367
1500000US110010089042,110010089042,"Block Group 2, Census Tract 89.04, District of Columbia, District of Columbia",1083,370
1500000US110010090001,110010090001,"Block Group 1, Census Tract 90, District of Columbia, District of Columbia",1448,236
1500000US110010090002,110010090002,"Block Group 2, Census Tract 90, District of Columbia, District of Columbia",1597,230
1500000US110010091021,110010091021,"Block Group 1, Census Tract 91.02, District of Columbia, District of Columbia",922,294
1500000US110010091022,110010091022,"Block Group 2, Census Tract 91.02, District of Columbia, District of Columbia",2505,385
1500000US110010091023,110010091023,"Block Group 3, Census Tract 91.02, District of Columbia, District of Columbia",1837,445
1500000US110010092011,110010092011,"Block Group 1, Census Tract 92.01, District of Columbia, District of Columbia",2844,458
1500000US110010092031,110010092031,"Block Group 1, Census Tract 92.03, District of Columbia, District of Columbia",1344,293
1500000US110010092032,110010092032,"Block Group 2, Census Tract 92.03, District of Columbia, District of Columbia",1342,334
1500000US110010092041,110010092041,"Block Group 1, Census Tract 92.04, District of Columbia, District of Columbia",1037,208
1500000US110010092042,110010092042,"Block Group 2, Census Tract 92.04, District of Columbia, District of Columbia",1814,326
1500000US110010093011,110010093011,"Block Group 1, Census Tract 93.01, District of Columbia, District of Columbia",770,224
1500000US110010093012,110010093012,"Block Group 2, Census Tract 93.01, District of Columbia, District of Columbia",966,245
1500000US110010093013,110010093013,"Block Group 3, Census Tract 93.01, District of Columbia, District of Columbia",1001,350
1500000US110010093014,110010093014,"Block Group 4, Census Tract 93.01, District of Columbia, District of Columbia",781,320
1500000US110010093021,110010093021,"Block Group 1, Census Tract 93.02, District of Columbia, District of Columbia",1043,109
1500000US110010094001,110010094001,"Block Group 1, Census Tract 94, District of Columbia, District of Columbia",822,263
1500000US110010094002,110010094002,"Block Group 2, Census Tract 94, District of Columbia, District of Columbia",1455,378
1500000US110010094003,110010094003,"Block Group 3, Census Tract 94, District of Columbia, District of Columbia",2041,392
1500000US110010094004,110010094004,"Block Group 4, Census Tract 94, District of Columbia, District of Columbia",975,309
1500000US110010095011,110010095011,"Block Group 1, Census Tract 95.01, District of Columbia, District of Columbia",3240,569
1500000US110010095012,110010095012,"Block Group 2, Census Tract 95.01, District of Columbia, District of Columbia",837,350
1500000US110010095013,110010095013,"Block Group 3, Census Tract 95.01, District of Columbia, District of Columbia",3548,442
1500000US110010095031,110010095031,"Block Group 1, Census Tract 95.03, District of Columbia, District of Columbia",1706,341
1500000US110010095032,110010095032,"Block Group 2, Census Tract 95.03, District of Columbia, District of Columbia",899,301
1500000US110010095033,110010095033,"Block Group 3, Census Tract 95.03, District of Columbia, District of Columbia",832,236
1500000US110010095041,110010095041,"Block Group 1, Census Tract 95.04, District of Columbia, District of Columbia",1593,418
1500000US110010095042,110010095042,"Block Group 2, Census Tract 95.04, District of Columbia, District of Columbia",1725,340
1500000US110010095051,110010095051,"Block Group 1, Census Tract 95.05, District of Columbia, District of Columbia",666,268
1500000US110010095052,110010095052,"Block Group 2, Census Tract 95.05, District of Columbia, District of Columbia",608,179
1500000US110010095053,110010095053,"Block Group 3, Census Tract 95.05, District of Columbia, District of Columbia",1305,299
1500000US110010095071,110010095071,"Block Group 1, Census Tract 95.07, District of Columbia, District of Columbia",1777,206
1500000US110010095081,110010095081,"Block Group 1, Census Tract 95.08, District of Columbia, District of Columbia",845,230
1500000US110010095082,110010095082,"Block Group 2, Census Tract 95.08, District of Columbia, District of Columbia",1374,393
1500000US110010095083,110010095083,"Block Group 3, Census Tract 95.08, District of Columbia, District of Columbia",1469,349
1500000US110010095091,110010095091,"Block Group 1, Census Tract 95.09, District of Columbia, District of Columbia",1430,453
1500000US110010095092,110010095092,"Block Group 2, Census Tract 95.09, District of Columbia, District of Columbia",802,283
1500000US110010095093,110010095093,"Block Group 3, Census Tract 95.09, District of Columbia, District of Columbia",1077,285
1500000US110010096011,110010096011,"Block Group 1, Census Tract 96.01, District of Columbia, District of Columbia",2383,266
1500000US110010096021,110010096021,"Block Group 1, Census Tract 96.02, District of Columbia, District of Columbia",1530,306
1500000US110010096022,110010096022,"Block Group 2, Census Tract 96.02, District of Columbia, District of Columbia",2143,406
1500000US110010096031,110010096031,"Block Group 1, Census Tract 96.03, District of Columbia, District of Columbia",1694,381
1500000US110010096032,110010096032,"Block Group 2, Census Tract 96.03, District of Columbia, District of Columbia",601,199
1500000US110010096033,110010096033,"Block Group 3, Census Tract 96.03, District of Columbia, District of Columbia",1219,527
1500000US110010096041,110010096041,"Block Group 1, Census Tract 96.04, District of Columbia, District of Columbia",1364,268
1500000US110010096042,110010096042,"Block Group 2, Census Tract 96.04, District of Columbia, District of Columbia",759,183
1500000US110010097001,110010097001,"Block Group 1, Census Tract 97, District of Columbia, District of Columbia",2567,450
1500000US110010097002,110010097002,"Block Group 2, Census Tract 97, District of Columbia, District of Columbia",867,370
1500000US110010098011,110010098011,"Block Group 1, Census Tract 98.01, District of Columbia, District of Columbia",2373,305
1500000US110010098021,110010098021,"Block Group 1, Census Tract 98.02, District of Columbia, District of Columbia",635,156
1500000US110010098022,110010098022,"Block Group 2, Census Tract 98.02, District of Columbia, District of Columbia",1122,210
1500000US110010098031,110010098031,"Block Group 1, Census Tract 98.03, District of Columbia, District of Columbia",853,273
1500000US110010098032,110010098032,"Block Group 2, Census Tract 98.03, District of Columbia, District of Columbia",894,346
1500000US110010098033,110010098033,"Block Group 3, Census Tract 98.03, District of Columbia, District of Columbia",1039,228
1500000US110010098041,110010098041,"Block Group 1, Census Tract 98.04, District of Columbia, District of Columbia",1838,355
1500000US110010098042,110010098042,"Block Group 2, Census Tract 98.04, District of Columbia, District of Columbia",996,225
1500000US110010098071,110010098071,"Block Group 1, Census Tract 98.07, District of Columbia, District of Columbia",655,209
1500000US110010098072,110010098072,"Block Group 2, Census Tract 98.07, District of Columbia, District of Columbia",2216,367
1500000US110010098101,110010098101,"Block Group 1, Census Tract 98.10, District of Columbia, District of Columbia",1728,402
1500000US110010098102,110010098102,"Block Group 2, Census Tract 98.10, District of Columbia, District of Columbia",930,267
1500000US110010098111,110010098111,"Block Group 1, Census Tract 98.11, District of Columbia, District of Columbia",2027,498
1500000US110010098112,110010098112,"Block Group 2, Census Tract 98.11, District of Columbia, District of Columbia",3064,504
1500000US110010099011,110010099011,"Block Group 1, Census Tract 99.01, District of Columbia, District of Columbia",1029,360
1500000US110010099012,110010099012,"Block Group 2, Census Tract 99.01, District of Columbia, District of Columbia",1689,300
1500000US110010099021,110010099021,"Block Group 1, Census Tract 99.02, District of Columbia, District of Columbia",812,253
1500000US110010099022,110010099022,"Block Group 2, Census Tract 99.02, District of Columbia, District of Columbia",2152,344
1500000US110010099031,110010099031,"Block Group 1, Census Tract 99.03, District of Columbia, District of Columbia",1175,301
1500000US110010099032,110010099032,"Block Group 2, Census Tract 99.03, District of Columbia, District of Columbia",679,190
1500000US110010099041,110010099041,"Block Group 1, Census Tract 99.04, District of Columbia, District of Columbia",774,271
1500000US110010099042,110010099042,"Block Group 2, Census Tract 99.04, District of Columbia, District of Columbia",1822,282
1500000US110010099051,110010099051,"Block Group 1, Census Tract 99.05, District of Columbia, District of Columbia",1261,426
1500000US110010099052,110010099052,"Block Group 2, Census Tract 99.05, District of Columbia, District of Columbia",763,245
1500000US110010099053,110010099053,"Block Group 3, Census Tract 99.05, District of Columbia, District of Columbia",873,259
1500000US110010099061,110010099061,"Block Group 1, Census Tract 99.06, District of Columbia, District of Columbia",1463,185
1500000US110010099071,110010099071,"Block Group 1, Census Tract 99.07, District of Columbia, District of Columbia",576,245
1500000US110010099072,110010099072,"Block Group 2, Census Tract 99.07, District of Columbia, District of Columbia",2366,315
1500000US110010101001,110010101001,"Block Group 1, Census Tract 101, District of Columbia, District of Columbia",1856,245
1500000US110010101002,110010101002,"Block Group 2, Census Tract 101, District of Columbia, District of Columbia",791,190
1500000US110010102001,110010102001,"Block Group 1, Census Tract 102, District of Columbia, District of Columbia",1040,210
1500000US110010102002,110010102002,"Block Group 2, Census Tract 102, District of Columbia, District of Columbia",1512,276
1500000US110010103001,110010103001,"Block Group 1, Census Tract 103, District of Columbia, District of Columbia",823,172
1500000US110010103002,110010103002,"Block Group 2, Census Tract 103, District of Columbia, District of Columbia",1095,251
1500000US110010103003,110010103003,"Block Group 3, Census Tract 103, District of Columbia, District of Columbia",1347,309
1500000US110010104001,110010104001,"Block Group 1, Census Tract 104, District of Columbia, District of Columbia",1760,476
1500000US110010104002,110010104002,"Block Group 2, Census Tract 104, District of Columbia, District of Columbia",2966,630
1500000US110010105001,110010105001,"Block Group 1, Census Tract 105, District of Columbia, District of Columbia",1605,320
1500000US110010105002,110010105002,"Block Group 2, Census Tract 105, District of Columbia, District of Columbia",1915,294
1500000US110010106001,110010106001,"Block Group 1, Census Tract 106, District of Columbia, District of Columbia",994,230
1500000US110010106002,110010106002,"Block Group 2, Census Tract 106, District of Columbia, District of Columbia",4657,400
1500000US110010106003,110010106003,"Block Group 3, Census Tract 106, District of Columbia, District of Columbia",798,282
1500000US110010107001,110010107001,"Block Group 1, Census Tract 107, District of Columbia, District of Columbia",859,159
1500000US110010107002,110010107002,"Block Group 2, Census Tract 107, District of Columbia, District of Columbia",862,147
1500000US110010108001,110010108001,"Block Group 1, Census Tract 108, District of Columbia, District of Columbia",1521,279
1500000US110010108002,110010108002,"Block Group 2, Census Tract 108, District of Columbia, District of Columbia",2350,287
1500000US110010108003,110010108003,"Block Group 3, Census Tract 108, District of Columbia, District of Columbia",2527,382
1500000US110010109001,110010109001,"Block Group 1, Census Tract 109, District of Columbia, District of Columbia",2450,515
1500000US110010109002,110010109002,"Block Group 2, Census Tract 109, District of Columbia, District of Columbia",1859,792
1500000US110010110001,110010110001,"Block Group 1, Census Tract 110, District of Columbia, District of Columbia",666,373
1500000US110010110002,110010110002,"Block Group 2, Census Tract 110, District of Columbia, District of Columbia",864,173
1500000US110010110003,110010110003,"Block Group 3, Census Tract 110, District of Columbia, District of Columbia",686,193
1500000US110010110004,110010110004,"Block Group 4, Census Tract 110, District of Columbia, District of Columbia",1444,235
1500000US110010111001,110010111001,"Block Group 1, Census Tract 111, District of Columbia, District of Columbia",1731,426
1500000US110010111002,110010111002,"Block Group 2, Census Tract 111, District of Columbia, District of Columbia",2155,374
1500000US110010111003,110010111003,"Block Group 3, Census Tract 111, District of Columbia, District of Columbia",1639,376
