id2,BG_ID,BG_NAME,Geography,Population,Pct_Poverty,Pct_UnEmpl,Pct_VacUnits
1.10E+11,A001001,"Block Group 1, Census Tract 1, District of Columbia, District of Columbia","Block Group 1, Census Tract 1, District of Columbia, District of Columbia",1382,0,0,16.62087912
1.10E+11,A001002,"Block Group 2, Census Tract 1, District of Columbia, District of Columbia","Block Group 2, Census Tract 1, District of Columbia, District of Columbia",1463,3.075871497,5.433746425,15.70247934
1.10E+11,A001003,"Block Group 3, Census Tract 1, District of Columbia, District of Columbia","Block Group 3, Census Tract 1, District of Columbia, District of Columbia",972,1.440329218,9.256449165,16.60305344
1.10E+11,A001004,"Block Group 4, Census Tract 1, District of Columbia, District of Columbia","Block Group 4, Census Tract 1, District of Columbia, District of Columbia",1188,8.922558923,3.095975232,18.13643927
1.10E+11,A002011,"Block Group 1, Census Tract 2.01, District of Columbia, District of Columbia","Block Group 1, Census Tract 2.01, District of Columbia, District of Columbia",3733,66.26506024,6.476997579,0
1.10E+11,A002021,"Block Group 1, Census Tract 2.02, District of Columbia, District of Columbia","Block Group 1, Census Tract 2.02, District of Columbia, District of Columbia",1224,15.68627451,2.124430956,16.8241966
1.10E+11,A002022,"Block Group 2, Census Tract 2.02, District of Columbia, District of Columbia","Block Group 2, Census Tract 2.02, District of Columbia, District of Columbia",566,7.243816254,0,6.329113924
1.10E+11,A002023,"Block Group 3, Census Tract 2.02, District of Columbia, District of Columbia","Block Group 3, Census Tract 2.02, District of Columbia, District of Columbia",895,21.55272306,10.46728972,5.135135135
1.10E+11,A002024,"Block Group 4, Census Tract 2.02, District of Columbia, District of Columbia","Block Group 4, Census Tract 2.02, District of Columbia, District of Columbia",1732,35.54083885,4.782608696,21.69811321
1.10E+11,A003001,"Block Group 1, Census Tract 3, District of Columbia, District of Columbia","Block Group 1, Census Tract 3, District of Columbia, District of Columbia",1114,11.22082585,3.059805285,8.20610687
1.10E+11,A003002,"Block Group 2, Census Tract 3, District of Columbia, District of Columbia","Block Group 2, Census Tract 3, District of Columbia, District of Columbia",1492,5.09383378,2.756892231,0
1.10E+11,A003003,"Block Group 3, Census Tract 3, District of Columbia, District of Columbia","Block Group 3, Census Tract 3, District of Columbia, District of Columbia",1611,42.33395407,0,2.626970228
1.10E+11,A003004,"Block Group 4, Census Tract 3, District of Columbia, District of Columbia","Block Group 4, Census Tract 3, District of Columbia, District of Columbia",1922,9.781477627,2.64255911,0
1.10E+11,A004001,"Block Group 1, Census Tract 4, District of Columbia, District of Columbia","Block Group 1, Census Tract 4, District of Columbia, District of Columbia",555,8.108108108,0,13.55932203
1.10E+11,A004002,"Block Group 2, Census Tract 4, District of Columbia, District of Columbia","Block Group 2, Census Tract 4, District of Columbia, District of Columbia",1052,11.54580153,0.700525394,9.445585216
1.10E+11,A005011,"Block Group 1, Census Tract 5.01, District of Columbia, District of Columbia","Block Group 1, Census Tract 5.01, District of Columbia, District of Columbia",1500,8.520790729,4.25716768,1.530612245
1.10E+11,A005012,"Block Group 2, Census Tract 5.01, District of Columbia, District of Columbia","Block Group 2, Census Tract 5.01, District of Columbia, District of Columbia",1981,6.710726995,0.932090546,12.28968544
1.10E+11,A005021,"Block Group 1, Census Tract 5.02, District of Columbia, District of Columbia","Block Group 1, Census Tract 5.02, District of Columbia, District of Columbia",1669,1.737567406,0.99009901,9.893992933
1.10E+11,A005022,"Block Group 2, Census Tract 5.02, District of Columbia, District of Columbia","Block Group 2, Census Tract 5.02, District of Columbia, District of Columbia",1376,2.688953488,2.113352546,15.88983051
1.10E+11,A006001,"Block Group 1, Census Tract 6, District of Columbia, District of Columbia","Block Group 1, Census Tract 6, District of Columbia, District of Columbia",1131,5.747126437,1.568627451,5.351681957
1.10E+11,A006002,"Block Group 2, Census Tract 6, District of Columbia, District of Columbia","Block Group 2, Census Tract 6, District of Columbia, District of Columbia",988,6.275303644,1.88034188,2.474226804
1.10E+11,A006003,"Block Group 3, Census Tract 6, District of Columbia, District of Columbia","Block Group 3, Census Tract 6, District of Columbia, District of Columbia",802,16.08478803,4.710920771,7
1.10E+11,A006004,"Block Group 4, Census Tract 6, District of Columbia, District of Columbia","Block Group 4, Census Tract 6, District of Columbia, District of Columbia",1927,0.882872278,0.927487352,11.97007481
1.10E+11,A007011,"Block Group 1, Census Tract 7.01, District of Columbia, District of Columbia","Block Group 1, Census Tract 7.01, District of Columbia, District of Columbia",1243,28.64038616,3.329369798,4.171779141
1.10E+11,A007012,"Block Group 2, Census Tract 7.01, District of Columbia, District of Columbia","Block Group 2, Census Tract 7.01, District of Columbia, District of Columbia",1382,2.894356006,5.587892899,12.98315164
1.10E+11,A007013,"Block Group 3, Census Tract 7.01, District of Columbia, District of Columbia","Block Group 3, Census Tract 7.01, District of Columbia, District of Columbia",1685,5.044510386,2.575107296,6.152584085
1.10E+11,A007014,"Block Group 4, Census Tract 7.01, District of Columbia, District of Columbia","Block Group 4, Census Tract 7.01, District of Columbia, District of Columbia",1015,15.4679803,2.718446602,6.435643564
1.10E+11,A007021,"Block Group 1, Census Tract 7.02, District of Columbia, District of Columbia","Block Group 1, Census Tract 7.02, District of Columbia, District of Columbia",1465,10.37542662,3.670546106,5.961754781
1.10E+11,A007022,"Block Group 2, Census Tract 7.02, District of Columbia, District of Columbia","Block Group 2, Census Tract 7.02, District of Columbia, District of Columbia",1031,20.95053346,14.19354839,19.12512716
1.10E+11,A007023,"Block Group 3, Census Tract 7.02, District of Columbia, District of Columbia","Block Group 3, Census Tract 7.02, District of Columbia, District of Columbia",860,6.279069767,0,14.7107438
1.10E+11,A008011,"Block Group 1, Census Tract 8.01, District of Columbia, District of Columbia","Block Group 1, Census Tract 8.01, District of Columbia, District of Columbia",2153,18.71806781,8.38150289,1.47515528
1.10E+11,A008012,"Block Group 2, Census Tract 8.01, District of Columbia, District of Columbia","Block Group 2, Census Tract 8.01, District of Columbia, District of Columbia",851,0,6.341463415,4.747774481
1.10E+11,A008013,"Block Group 3, Census Tract 8.01, District of Columbia, District of Columbia","Block Group 3, Census Tract 8.01, District of Columbia, District of Columbia",2626,13.29017517,1.97486535,9.463148317
1.10E+11,A008014,"Block Group 4, Census Tract 8.01, District of Columbia, District of Columbia","Block Group 4, Census Tract 8.01, District of Columbia, District of Columbia",1110,2.266288952,15.16516517,0
1.10E+11,A008021,"Block Group 1, Census Tract 8.02, District of Columbia, District of Columbia","Block Group 1, Census Tract 8.02, District of Columbia, District of Columbia",1840,10.38043478,2.660944206,3.040173724
1.10E+11,A008022,"Block Group 2, Census Tract 8.02, District of Columbia, District of Columbia","Block Group 2, Census Tract 8.02, District of Columbia, District of Columbia",1373,24.61762564,4.833333333,8.92494929
1.10E+11,A009011,"Block Group 1, Census Tract 9.01, District of Columbia, District of Columbia","Block Group 1, Census Tract 9.01, District of Columbia, District of Columbia",1663,7.757065544,1.226158038,4.890387858
1.10E+11,A009012,"Block Group 2, Census Tract 9.01, District of Columbia, District of Columbia","Block Group 2, Census Tract 9.01, District of Columbia, District of Columbia",1725,3.884057971,2.102496715,4.984423676
1.10E+11,A009013,"Block Group 3, Census Tract 9.01, District of Columbia, District of Columbia","Block Group 3, Census Tract 9.01, District of Columbia, District of Columbia",4310,20.54794521,14.7913365,0
1.10E+11,A009021,"Block Group 1, Census Tract 9.02, District of Columbia, District of Columbia","Block Group 1, Census Tract 9.02, District of Columbia, District of Columbia",1067,3.186504217,1.071428571,1.604278075
1.10E+11,A009022,"Block Group 2, Census Tract 9.02, District of Columbia, District of Columbia","Block Group 2, Census Tract 9.02, District of Columbia, District of Columbia",1400,1.642857143,3.58056266,3.95480226
1.10E+11,A010011,"Block Group 1, Census Tract 10.01, District of Columbia, District of Columbia","Block Group 1, Census Tract 10.01, District of Columbia, District of Columbia",943,4.347826087,0,0
1.10E+11,A010012,"Block Group 2, Census Tract 10.01, District of Columbia, District of Columbia","Block Group 2, Census Tract 10.01, District of Columbia, District of Columbia",2099,3.382563125,1.581395349,1.845819761
1.10E+11,A010013,"Block Group 3, Census Tract 10.01, District of Columbia, District of Columbia","Block Group 3, Census Tract 10.01, District of Columbia, District of Columbia",1069,1.216089804,3.067484663,0
1.10E+11,A010014,"Block Group 4, Census Tract 10.01, District of Columbia, District of Columbia","Block Group 4, Census Tract 10.01, District of Columbia, District of Columbia",1815,6.294155427,3.752759382,0
1.10E+11,A010015,"Block Group 5, Census Tract 10.01, District of Columbia, District of Columbia","Block Group 5, Census Tract 10.01, District of Columbia, District of Columbia",1032,12.01550388,0,0
1.10E+11,A010016,"Block Group 6, Census Tract 10.01, District of Columbia, District of Columbia","Block Group 6, Census Tract 10.01, District of Columbia, District of Columbia",965,2.279792746,2.05338809,0
1.10E+11,A010021,"Block Group 1, Census Tract 10.02, District of Columbia, District of Columbia","Block Group 1, Census Tract 10.02, District of Columbia, District of Columbia",1345,62.30483271,6.259097525,24.38118812
1.10E+11,A010022,"Block Group 2, Census Tract 10.02, District of Columbia, District of Columbia","Block Group 2, Census Tract 10.02, District of Columbia, District of Columbia",1521,8.218277449,3.125,4.319654428
1.10E+11,A010023,"Block Group 3, Census Tract 10.02, District of Columbia, District of Columbia","Block Group 3, Census Tract 10.02, District of Columbia, District of Columbia",895,4.134078212,1.419878296,0
1.10E+11,A011001,"Block Group 1, Census Tract 11, District of Columbia, District of Columbia","Block Group 1, Census Tract 11, District of Columbia, District of Columbia",1969,1.371254444,1.329787234,1.789709172
1.10E+11,A011002,"Block Group 2, Census Tract 11, District of Columbia, District of Columbia","Block Group 2, Census Tract 11, District of Columbia, District of Columbia",1465,10.59841384,2.008032129,19.5862069
1.10E+11,A011003,"Block Group 3, Census Tract 11, District of Columbia, District of Columbia","Block Group 3, Census Tract 11, District of Columbia, District of Columbia",814,4.176904177,0,0
1.10E+11,A011004,"Block Group 4, Census Tract 11, District of Columbia, District of Columbia","Block Group 4, Census Tract 11, District of Columbia, District of Columbia",768,4.036458333,3.636363636,0
1.10E+11,A012001,"Block Group 1, Census Tract 12, District of Columbia, District of Columbia","Block Group 1, Census Tract 12, District of Columbia, District of Columbia",1976,5.010121457,0.995850622,0
1.10E+11,A012002,"Block Group 2, Census Tract 12, District of Columbia, District of Columbia","Block Group 2, Census Tract 12, District of Columbia, District of Columbia",862,3.712296984,8.396946565,10.43046358
1.10E+11,A012003,"Block Group 3, Census Tract 12, District of Columbia, District of Columbia","Block Group 3, Census Tract 12, District of Columbia, District of Columbia",722,1.385041551,0,13.94658754
1.10E+11,A012004,"Block Group 4, Census Tract 12, District of Columbia, District of Columbia","Block Group 4, Census Tract 12, District of Columbia, District of Columbia",1390,2.805755396,2.076502732,2.607361963
1.10E+11,A013011,"Block Group 1, Census Tract 13.01, District of Columbia, District of Columbia","Block Group 1, Census Tract 13.01, District of Columbia, District of Columbia",1681,6.781677573,5.035335689,6.616729089
1.10E+11,A013012,"Block Group 2, Census Tract 13.01, District of Columbia, District of Columbia","Block Group 2, Census Tract 13.01, District of Columbia, District of Columbia",535,2.056074766,4.519774011,20.79207921
1.10E+11,A013013,"Block Group 3, Census Tract 13.01, District of Columbia, District of Columbia","Block Group 3, Census Tract 13.01, District of Columbia, District of Columbia",1615,3.046357616,0,5.476673428
1.10E+11,A013021,"Block Group 1, Census Tract 13.02, District of Columbia, District of Columbia","Block Group 1, Census Tract 13.02, District of Columbia, District of Columbia",2269,17.32040546,6.054279749,5.73878628
1.10E+11,A013022,"Block Group 2, Census Tract 13.02, District of Columbia, District of Columbia","Block Group 2, Census Tract 13.02, District of Columbia, District of Columbia",4366,6.459001374,1.258741259,8.960213975
1.10E+11,A013023,"Block Group 3, Census Tract 13.02, District of Columbia, District of Columbia","Block Group 3, Census Tract 13.02, District of Columbia, District of Columbia",731,17.78385773,0,35.66666667
1.10E+11,A014011,"Block Group 1, Census Tract 14.01, District of Columbia, District of Columbia","Block Group 1, Census Tract 14.01, District of Columbia, District of Columbia",2237,10.59454627,3.762227239,2.989130435
1.10E+11,A014012,"Block Group 2, Census Tract 14.01, District of Columbia, District of Columbia","Block Group 2, Census Tract 14.01, District of Columbia, District of Columbia",1103,2.357207616,6.072874494,2.040816327
1.10E+11,A014021,"Block Group 1, Census Tract 14.02, District of Columbia, District of Columbia","Block Group 1, Census Tract 14.02, District of Columbia, District of Columbia",956,2.719665272,6.326889279,0
1.10E+11,A014022,"Block Group 2, Census Tract 14.02, District of Columbia, District of Columbia","Block Group 2, Census Tract 14.02, District of Columbia, District of Columbia",965,5.644302449,3.977272727,6.281833616
1.10E+11,A014023,"Block Group 3, Census Tract 14.02, District of Columbia, District of Columbia","Block Group 3, Census Tract 14.02, District of Columbia, District of Columbia",1329,12.2648608,0,1.430842607
1.10E+11,A015001,"Block Group 1, Census Tract 15, District of Columbia, District of Columbia","Block Group 1, Census Tract 15, District of Columbia, District of Columbia",1796,1.224944321,3.033268102,8.250825083
1.10E+11,A015002,"Block Group 2, Census Tract 15, District of Columbia, District of Columbia","Block Group 2, Census Tract 15, District of Columbia, District of Columbia",883,3.510758777,0,0
1.10E+11,A015003,"Block Group 3, Census Tract 15, District of Columbia, District of Columbia","Block Group 3, Census Tract 15, District of Columbia, District of Columbia",854,2.276176024,0.37037037,11.9047619
1.10E+11,A015004,"Block Group 4, Census Tract 15, District of Columbia, District of Columbia","Block Group 4, Census Tract 15, District of Columbia, District of Columbia",1551,8.897485493,12.74853801,8.166666667
1.10E+11,A015005,"Block Group 5, Census Tract 15, District of Columbia, District of Columbia","Block Group 5, Census Tract 15, District of Columbia, District of Columbia",1184,0,0,0
1.10E+11,A016001,"Block Group 1, Census Tract 16, District of Columbia, District of Columbia","Block Group 1, Census Tract 16, District of Columbia, District of Columbia",1397,6.137184116,4.716981132,0
1.10E+11,A016002,"Block Group 2, Census Tract 16, District of Columbia, District of Columbia","Block Group 2, Census Tract 16, District of Columbia, District of Columbia",643,3.924646782,13.59447005,28.88888889
1.10E+11,A016003,"Block Group 3, Census Tract 16, District of Columbia, District of Columbia","Block Group 3, Census Tract 16, District of Columbia, District of Columbia",733,1.532033426,5.700712589,9.87654321
1.10E+11,A016004,"Block Group 4, Census Tract 16, District of Columbia, District of Columbia","Block Group 4, Census Tract 16, District of Columbia, District of Columbia",1682,3.567181926,5.983889528,6.188925081
1.10E+11,A017021,"Block Group 1, Census Tract 17.02, District of Columbia, District of Columbia","Block Group 1, Census Tract 17.02, District of Columbia, District of Columbia",1554,3.667953668,3.521779425,0
1.10E+11,A017022,"Block Group 2, Census Tract 17.02, District of Columbia, District of Columbia","Block Group 2, Census Tract 17.02, District of Columbia, District of Columbia",1485,6.520247083,5.072463768,4.090909091
1.10E+11,A018031,"Block Group 1, Census Tract 18.03, District of Columbia, District of Columbia","Block Group 1, Census Tract 18.03, District of Columbia, District of Columbia",1295,14.74903475,4.213483146,8.633093525
1.10E+11,A018032,"Block Group 2, Census Tract 18.03, District of Columbia, District of Columbia","Block Group 2, Census Tract 18.03, District of Columbia, District of Columbia",2764,19.21128799,5.856142584,6.701479547
1.10E+11,A018041,"Block Group 1, Census Tract 18.04, District of Columbia, District of Columbia","Block Group 1, Census Tract 18.04, District of Columbia, District of Columbia",1085,13.2718894,4.101838755,9.200603318
1.10E+11,A018042,"Block Group 2, Census Tract 18.04, District of Columbia, District of Columbia","Block Group 2, Census Tract 18.04, District of Columbia, District of Columbia",1694,15.72629052,14.61632156,3.683241252
1.10E+11,A018043,"Block Group 3, Census Tract 18.04, District of Columbia, District of Columbia","Block Group 3, Census Tract 18.04, District of Columbia, District of Columbia",2903,25.65880721,4.375441073,2.874132805
1.10E+11,A019011,"Block Group 1, Census Tract 19.01, District of Columbia, District of Columbia","Block Group 1, Census Tract 19.01, District of Columbia, District of Columbia",956,26.77824268,21.58590308,21.46341463
1.10E+11,A019012,"Block Group 2, Census Tract 19.01, District of Columbia, District of Columbia","Block Group 2, Census Tract 19.01, District of Columbia, District of Columbia",1024,6.15234375,1.412872841,10.06711409
1.10E+11,A019013,"Block Group 3, Census Tract 19.01, District of Columbia, District of Columbia","Block Group 3, Census Tract 19.01, District of Columbia, District of Columbia",1348,8.53115727,9.5,9.784735812
1.10E+11,A019014,"Block Group 4, Census Tract 19.01, District of Columbia, District of Columbia","Block Group 4, Census Tract 19.01, District of Columbia, District of Columbia",653,1.225114855,17.39130435,17.71217712
1.10E+11,A019021,"Block Group 1, Census Tract 19.02, District of Columbia, District of Columbia","Block Group 1, Census Tract 19.02, District of Columbia, District of Columbia",1604,11.04868914,11.08545035,2.9296875
1.10E+11,A019022,"Block Group 2, Census Tract 19.02, District of Columbia, District of Columbia","Block Group 2, Census Tract 19.02, District of Columbia, District of Columbia",739,6.630581867,4.357298475,6.451612903
1.10E+11,A020011,"Block Group 1, Census Tract 20.01, District of Columbia, District of Columbia","Block Group 1, Census Tract 20.01, District of Columbia, District of Columbia",1632,11.64215686,9.354120267,8.490566038
1.10E+11,A020012,"Block Group 2, Census Tract 20.01, District of Columbia, District of Columbia","Block Group 2, Census Tract 20.01, District of Columbia, District of Columbia",1327,7.837226827,3.299856528,6.021505376
1.10E+11,A020021,"Block Group 1, Census Tract 20.02, District of Columbia, District of Columbia","Block Group 1, Census Tract 20.02, District of Columbia, District of Columbia",905,4.53038674,5.555555556,13.00813008
1.10E+11,A020022,"Block Group 2, Census Tract 20.02, District of Columbia, District of Columbia","Block Group 2, Census Tract 20.02, District of Columbia, District of Columbia",1818,21.34894091,10.9922179,6.344410876
1.10E+11,A020023,"Block Group 3, Census Tract 20.02, District of Columbia, District of Columbia","Block Group 3, Census Tract 20.02, District of Columbia, District of Columbia",1211,7.679603633,7.870967742,5.542725173
1.10E+11,A021011,"Block Group 1, Census Tract 21.01, District of Columbia, District of Columbia","Block Group 1, Census Tract 21.01, District of Columbia, District of Columbia",1529,11.96860693,1.390644753,8.950086059
1.10E+11,A021012,"Block Group 2, Census Tract 21.01, District of Columbia, District of Columbia","Block Group 2, Census Tract 21.01, District of Columbia, District of Columbia",1163,11.60791058,12.37113402,21.76165803
1.10E+11,A021013,"Block Group 3, Census Tract 21.01, District of Columbia, District of Columbia","Block Group 3, Census Tract 21.01, District of Columbia, District of Columbia",1421,8.655876144,7.82208589,0
1.10E+11,A021014,"Block Group 4, Census Tract 21.01, District of Columbia, District of Columbia","Block Group 4, Census Tract 21.01, District of Columbia, District of Columbia",825,3.272727273,19.30184805,0
1.10E+11,A021015,"Block Group 5, Census Tract 21.01, District of Columbia, District of Columbia","Block Group 5, Census Tract 21.01, District of Columbia, District of Columbia",722,1.939058172,0,15.59139785
1.10E+11,A021021,"Block Group 1, Census Tract 21.02, District of Columbia, District of Columbia","Block Group 1, Census Tract 21.02, District of Columbia, District of Columbia",771,1.297016861,4.868913858,6.738544474
1.10E+11,A021022,"Block Group 2, Census Tract 21.02, District of Columbia, District of Columbia","Block Group 2, Census Tract 21.02, District of Columbia, District of Columbia",578,18.51211073,5.013192612,12.78772379
1.10E+11,A021023,"Block Group 3, Census Tract 21.02, District of Columbia, District of Columbia","Block Group 3, Census Tract 21.02, District of Columbia, District of Columbia",1275,7.957342084,14.37740693,4.508196721
1.10E+11,A021024,"Block Group 4, Census Tract 21.02, District of Columbia, District of Columbia","Block Group 4, Census Tract 21.02, District of Columbia, District of Columbia",1249,22.73819055,5.348460292,10.63348416
1.10E+11,A021025,"Block Group 5, Census Tract 21.02, District of Columbia, District of Columbia","Block Group 5, Census Tract 21.02, District of Columbia, District of Columbia",502,20.11952191,2.769230769,0
1.10E+11,A021026,"Block Group 6, Census Tract 21.02, District of Columbia, District of Columbia","Block Group 6, Census Tract 21.02, District of Columbia, District of Columbia",701,15.27377522,6.621004566,12.05479452
1.10E+11,A022011,"Block Group 1, Census Tract 22.01, District of Columbia, District of Columbia","Block Group 1, Census Tract 22.01, District of Columbia, District of Columbia",1495,5.662983425,11.1,0
1.10E+11,A022012,"Block Group 2, Census Tract 22.01, District of Columbia, District of Columbia","Block Group 2, Census Tract 22.01, District of Columbia, District of Columbia",1278,7.355242567,10.69078947,10.15228426
1.10E+11,A022013,"Block Group 3, Census Tract 22.01, District of Columbia, District of Columbia","Block Group 3, Census Tract 22.01, District of Columbia, District of Columbia",868,15.0921659,13.26530612,0
1.10E+11,A022021,"Block Group 1, Census Tract 22.02, District of Columbia, District of Columbia","Block Group 1, Census Tract 22.02, District of Columbia, District of Columbia",2203,22.56014526,15.39748954,10.83437111
1.10E+11,A022022,"Block Group 2, Census Tract 22.02, District of Columbia, District of Columbia","Block Group 2, Census Tract 22.02, District of Columbia, District of Columbia",978,19.93865031,14.14141414,20.94240838
1.10E+11,A022023,"Block Group 3, Census Tract 22.02, District of Columbia, District of Columbia","Block Group 3, Census Tract 22.02, District of Columbia, District of Columbia",664,18.22289157,6.713780919,11.55115512
1.10E+11,A023011,"Block Group 1, Census Tract 23.01, District of Columbia, District of Columbia","Block Group 1, Census Tract 23.01, District of Columbia, District of Columbia",1665,4.284852142,2.892960463,0
1.10E+11,A023012,"Block Group 2, Census Tract 23.01, District of Columbia, District of Columbia","Block Group 2, Census Tract 23.01, District of Columbia, District of Columbia",1714,13.47724621,8.081791626,11.01036269
1.10E+11,A023021,"Block Group 1, Census Tract 23.02, District of Columbia, District of Columbia","Block Group 1, Census Tract 23.02, District of Columbia, District of Columbia",1722,22.84334023,3.658536585,22.94757666
1.10E+11,A024001,"Block Group 1, Census Tract 24, District of Columbia, District of Columbia","Block Group 1, Census Tract 24, District of Columbia, District of Columbia",763,5.45212766,2.281368821,8.61618799
1.10E+11,A024002,"Block Group 2, Census Tract 24, District of Columbia, District of Columbia","Block Group 2, Census Tract 24, District of Columbia, District of Columbia",1395,5.591397849,14.28571429,4.241071429
1.10E+11,A024003,"Block Group 3, Census Tract 24, District of Columbia, District of Columbia","Block Group 3, Census Tract 24, District of Columbia, District of Columbia",1016,12.62425447,10.15965167,9.59752322
1.10E+11,A024004,"Block Group 4, Census Tract 24, District of Columbia, District of Columbia","Block Group 4, Census Tract 24, District of Columbia, District of Columbia",1124,11.82310469,1.282051282,8.358208955
1.10E+11,A025011,"Block Group 1, Census Tract 25.01, District of Columbia, District of Columbia","Block Group 1, Census Tract 25.01, District of Columbia, District of Columbia",1298,27.34976888,0,3.674121406
1.10E+11,A025012,"Block Group 2, Census Tract 25.01, District of Columbia, District of Columbia","Block Group 2, Census Tract 25.01, District of Columbia, District of Columbia",1688,11.70528818,5.452775073,0
1.10E+11,A025021,"Block Group 1, Census Tract 25.02, District of Columbia, District of Columbia","Block Group 1, Census Tract 25.02, District of Columbia, District of Columbia",1076,10.78066914,6.451612903,9.724770642
1.10E+11,A025022,"Block Group 2, Census Tract 25.02, District of Columbia, District of Columbia","Block Group 2, Census Tract 25.02, District of Columbia, District of Columbia",1871,11.22394441,10.41322314,3.256936068
1.10E+11,A025023,"Block Group 3, Census Tract 25.02, District of Columbia, District of Columbia","Block Group 3, Census Tract 25.02, District of Columbia, District of Columbia",1419,1.268498943,2.570379437,8.955223881
1.10E+11,A025024,"Block Group 4, Census Tract 25.02, District of Columbia, District of Columbia","Block Group 4, Census Tract 25.02, District of Columbia, District of Columbia",1676,23.150358,0.760456274,4.156769596
1.10E+11,A026001,"Block Group 1, Census Tract 26, District of Columbia, District of Columbia","Block Group 1, Census Tract 26, District of Columbia, District of Columbia",1147,3.923278117,5.980528512,2.97029703
1.10E+11,A026002,"Block Group 2, Census Tract 26, District of Columbia, District of Columbia","Block Group 2, Census Tract 26, District of Columbia, District of Columbia",1480,2.97699594,6.045949214,6.981132075
1.10E+11,A027011,"Block Group 1, Census Tract 27.01, District of Columbia, District of Columbia","Block Group 1, Census Tract 27.01, District of Columbia, District of Columbia",752,2.659574468,0,18.04347826
1.10E+11,A027012,"Block Group 2, Census Tract 27.01, District of Columbia, District of Columbia","Block Group 2, Census Tract 27.01, District of Columbia, District of Columbia",1711,15.24429967,3.144654088,3.954081633
1.10E+11,A027013,"Block Group 3, Census Tract 27.01, District of Columbia, District of Columbia","Block Group 3, Census Tract 27.01, District of Columbia, District of Columbia",802,4.239401496,2.89017341,0
1.10E+11,A027014,"Block Group 4, Census Tract 27.01, District of Columbia, District of Columbia","Block Group 4, Census Tract 27.01, District of Columbia, District of Columbia",2591,27.13238132,8.141702921,0
1.10E+11,A027021,"Block Group 1, Census Tract 27.02, District of Columbia, District of Columbia","Block Group 1, Census Tract 27.02, District of Columbia, District of Columbia",1673,9.623430962,4.864864865,0
1.10E+11,A027022,"Block Group 2, Census Tract 27.02, District of Columbia, District of Columbia","Block Group 2, Census Tract 27.02, District of Columbia, District of Columbia",3057,13.44455348,2.714932127,4.06360424
1.10E+11,A027023,"Block Group 3, Census Tract 27.02, District of Columbia, District of Columbia","Block Group 3, Census Tract 27.02, District of Columbia, District of Columbia",1646,4.453935326,2.23880597,0
1.10E+11,A028011,"Block Group 1, Census Tract 28.01, District of Columbia, District of Columbia","Block Group 1, Census Tract 28.01, District of Columbia, District of Columbia",1346,17.23625557,12.59765625,9.370988447
1.10E+11,A028012,"Block Group 2, Census Tract 28.01, District of Columbia, District of Columbia","Block Group 2, Census Tract 28.01, District of Columbia, District of Columbia",2536,21.02747909,5.683269476,9.377990431
1.10E+11,A028021,"Block Group 1, Census Tract 28.02, District of Columbia, District of Columbia","Block Group 1, Census Tract 28.02, District of Columbia, District of Columbia",2680,21.77358491,9.846827133,5.966767372
1.10E+11,A028022,"Block Group 2, Census Tract 28.02, District of Columbia, District of Columbia","Block Group 2, Census Tract 28.02, District of Columbia, District of Columbia",1834,26.22682661,4.502164502,3.465982028
1.10E+11,A029001,"Block Group 1, Census Tract 29, District of Columbia, District of Columbia","Block Group 1, Census Tract 29, District of Columbia, District of Columbia",1943,6.123508044,6.051437216,12.90322581
1.10E+11,A029002,"Block Group 2, Census Tract 29, District of Columbia, District of Columbia","Block Group 2, Census Tract 29, District of Columbia, District of Columbia",2409,8.219178082,4.73738414,4.262295082
1.10E+11,A030001,"Block Group 1, Census Tract 30, District of Columbia, District of Columbia","Block Group 1, Census Tract 30, District of Columbia, District of Columbia",1573,19.20614597,3.147482014,9.112709832
1.10E+11,A030002,"Block Group 2, Census Tract 30, District of Columbia, District of Columbia","Block Group 2, Census Tract 30, District of Columbia, District of Columbia",1783,28.65956254,15.38461538,10.38107753
1.10E+11,A031001,"Block Group 1, Census Tract 31, District of Columbia, District of Columbia","Block Group 1, Census Tract 31, District of Columbia, District of Columbia",3176,12.34256927,4.801097394,8.120649652
1.10E+11,A032001,"Block Group 1, Census Tract 32, District of Columbia, District of Columbia","Block Group 1, Census Tract 32, District of Columbia, District of Columbia",915,13.7704918,5.031446541,8.781869688
1.10E+11,A032002,"Block Group 2, Census Tract 32, District of Columbia, District of Columbia","Block Group 2, Census Tract 32, District of Columbia, District of Columbia",911,8.013172338,9.761388286,12.80788177
1.10E+11,A032003,"Block Group 3, Census Tract 32, District of Columbia, District of Columbia","Block Group 3, Census Tract 32, District of Columbia, District of Columbia",1649,20.84095064,12.19512195,20.55393586
1.10E+11,A032004,"Block Group 4, Census Tract 32, District of Columbia, District of Columbia","Block Group 4, Census Tract 32, District of Columbia, District of Columbia",1603,11.82728411,3.438914027,11.53846154
1.10E+11,A033011,"Block Group 1, Census Tract 33.01, District of Columbia, District of Columbia","Block Group 1, Census Tract 33.01, District of Columbia, District of Columbia",1550,9.741935484,2.577873255,9.737827715
1.10E+11,A033012,"Block Group 2, Census Tract 33.01, District of Columbia, District of Columbia","Block Group 2, Census Tract 33.01, District of Columbia, District of Columbia",1368,7.529239766,1.670843776,4.861111111
1.10E+11,A033013,"Block Group 3, Census Tract 33.01, District of Columbia, District of Columbia","Block Group 3, Census Tract 33.01, District of Columbia, District of Columbia",1004,3.585657371,9.43627451,10.51752922
1.10E+11,A033021,"Block Group 1, Census Tract 33.02, District of Columbia, District of Columbia","Block Group 1, Census Tract 33.02, District of Columbia, District of Columbia",1093,7.319304666,7.793923382,15.22556391
1.10E+11,A033022,"Block Group 2, Census Tract 33.02, District of Columbia, District of Columbia","Block Group 2, Census Tract 33.02, District of Columbia, District of Columbia",1120,16.69642857,7.525655644,12.36897275
1.10E+11,A034001,"Block Group 1, Census Tract 34, District of Columbia, District of Columbia","Block Group 1, Census Tract 34, District of Columbia, District of Columbia",1573,22.30088496,10.02673797,0
1.10E+11,A034002,"Block Group 2, Census Tract 34, District of Columbia, District of Columbia","Block Group 2, Census Tract 34, District of Columbia, District of Columbia",3150,16.07369759,10.4249668,30.19480519
1.10E+11,A035001,"Block Group 1, Census Tract 35, District of Columbia, District of Columbia","Block Group 1, Census Tract 35, District of Columbia, District of Columbia",1859,17.69768693,6.764466178,0
1.10E+11,A035002,"Block Group 2, Census Tract 35, District of Columbia, District of Columbia","Block Group 2, Census Tract 35, District of Columbia, District of Columbia",3581,33.33333333,10.40804258,4.502814259
1.10E+11,A036001,"Block Group 1, Census Tract 36, District of Columbia, District of Columbia","Block Group 1, Census Tract 36, District of Columbia, District of Columbia",1484,0.808625337,0,15.01746217
1.10E+11,A036002,"Block Group 2, Census Tract 36, District of Columbia, District of Columbia","Block Group 2, Census Tract 36, District of Columbia, District of Columbia",1593,24.69993683,8.075221239,13.82113821
1.10E+11,A036003,"Block Group 3, Census Tract 36, District of Columbia, District of Columbia","Block Group 3, Census Tract 36, District of Columbia, District of Columbia",2046,15.34701857,16.23303167,0
1.10E+11,A037001,"Block Group 1, Census Tract 37, District of Columbia, District of Columbia","Block Group 1, Census Tract 37, District of Columbia, District of Columbia",1734,12.39907728,1.665344964,0
1.10E+11,A037002,"Block Group 2, Census Tract 37, District of Columbia, District of Columbia","Block Group 2, Census Tract 37, District of Columbia, District of Columbia",2401,18.87058824,14.76377953,14.16967509
1.10E+11,A037003,"Block Group 3, Census Tract 37, District of Columbia, District of Columbia","Block Group 3, Census Tract 37, District of Columbia, District of Columbia",1724,15.0812065,6.97485807,6.810810811
1.10E+11,A038001,"Block Group 1, Census Tract 38, District of Columbia, District of Columbia","Block Group 1, Census Tract 38, District of Columbia, District of Columbia",2701,6.738245094,8.379888268,3.824247356
1.10E+11,A038002,"Block Group 2, Census Tract 38, District of Columbia, District of Columbia","Block Group 2, Census Tract 38, District of Columbia, District of Columbia",1658,6.272617612,2.620396601,4.010695187
1.10E+11,A038003,"Block Group 3, Census Tract 38, District of Columbia, District of Columbia","Block Group 3, Census Tract 38, District of Columbia, District of Columbia",679,27.39322533,4.722222222,9.302325581
1.10E+11,A039001,"Block Group 1, Census Tract 39, District of Columbia, District of Columbia","Block Group 1, Census Tract 39, District of Columbia, District of Columbia",1291,13.32300542,9.481216458,9.110867179
1.10E+11,A039002,"Block Group 2, Census Tract 39, District of Columbia, District of Columbia","Block Group 2, Census Tract 39, District of Columbia, District of Columbia",1178,13.32767402,5.096262741,0
1.10E+11,A039003,"Block Group 3, Census Tract 39, District of Columbia, District of Columbia","Block Group 3, Census Tract 39, District of Columbia, District of Columbia",1148,9.464285714,3.582718651,11.33603239
1.10E+11,A039004,"Block Group 4, Census Tract 39, District of Columbia, District of Columbia","Block Group 4, Census Tract 39, District of Columbia, District of Columbia",862,0,1.41025641,16.58374793
1.10E+11,A040011,"Block Group 1, Census Tract 40.01, District of Columbia, District of Columbia","Block Group 1, Census Tract 40.01, District of Columbia, District of Columbia",1812,4.856512141,3.743654822,6.132665832
1.10E+11,A040012,"Block Group 2, Census Tract 40.01, District of Columbia, District of Columbia","Block Group 2, Census Tract 40.01, District of Columbia, District of Columbia",503,3.180914513,7.923497268,11.3022113
1.10E+11,A040013,"Block Group 3, Census Tract 40.01, District of Columbia, District of Columbia","Block Group 3, Census Tract 40.01, District of Columbia, District of Columbia",1995,2.545824847,1.028806584,8.429752066
1.10E+11,A040021,"Block Group 1, Census Tract 40.02, District of Columbia, District of Columbia","Block Group 1, Census Tract 40.02, District of Columbia, District of Columbia",662,6.64652568,4.331450094,6.958762887
1.10E+11,A040022,"Block Group 2, Census Tract 40.02, District of Columbia, District of Columbia","Block Group 2, Census Tract 40.02, District of Columbia, District of Columbia",1756,3.567318757,1.857142857,2.710843373
1.10E+11,A040023,"Block Group 3, Census Tract 40.02, District of Columbia, District of Columbia","Block Group 3, Census Tract 40.02, District of Columbia, District of Columbia",719,3.755215577,2.828618968,11.13105925
1.10E+11,A041001,"Block Group 1, Census Tract 41, District of Columbia, District of Columbia","Block Group 1, Census Tract 41, District of Columbia, District of Columbia",1384,2.023121387,1.650485437,15.18324607
1.10E+11,A041002,"Block Group 2, Census Tract 41, District of Columbia, District of Columbia","Block Group 2, Census Tract 41, District of Columbia, District of Columbia",661,14.22087746,0,15.04854369
1.10E+11,A041003,"Block Group 3, Census Tract 41, District of Columbia, District of Columbia","Block Group 3, Census Tract 41, District of Columbia, District of Columbia",704,7.244318182,8.35214447,12.28070175
1.10E+11,A042011,"Block Group 1, Census Tract 42.01, District of Columbia, District of Columbia","Block Group 1, Census Tract 42.01, District of Columbia, District of Columbia",1554,2.50965251,3.359375,0
1.10E+11,A042012,"Block Group 2, Census Tract 42.01, District of Columbia, District of Columbia","Block Group 2, Census Tract 42.01, District of Columbia, District of Columbia",2155,5.568445476,1.64021164,0
1.10E+11,A042021,"Block Group 1, Census Tract 42.02, District of Columbia, District of Columbia","Block Group 1, Census Tract 42.02, District of Columbia, District of Columbia",1195,9.566787004,3.751339764,7.125603865
1.10E+11,A042022,"Block Group 2, Census Tract 42.02, District of Columbia, District of Columbia","Block Group 2, Census Tract 42.02, District of Columbia, District of Columbia",1297,5.809450039,3.727865797,12.67605634
1.10E+11,A043001,"Block Group 1, Census Tract 43, District of Columbia, District of Columbia","Block Group 1, Census Tract 43, District of Columbia, District of Columbia",2228,6.238779174,2.083333333,6.473724296
1.10E+11,A043002,"Block Group 2, Census Tract 43, District of Columbia, District of Columbia","Block Group 2, Census Tract 43, District of Columbia, District of Columbia",1690,15.44378698,4.347826087,7.336343115
1.10E+11,A044001,"Block Group 1, Census Tract 44, District of Columbia, District of Columbia","Block Group 1, Census Tract 44, District of Columbia, District of Columbia",3252,10.02460025,3.883495146,2.377093463
1.10E+11,A044002,"Block Group 2, Census Tract 44, District of Columbia, District of Columbia","Block Group 2, Census Tract 44, District of Columbia, District of Columbia",2299,18.97905759,4.272517321,3.528225806
1.10E+11,A046001,"Block Group 1, Census Tract 46, District of Columbia, District of Columbia","Block Group 1, Census Tract 46, District of Columbia, District of Columbia",1263,20.34837688,8.494208494,12.305026
1.10E+11,A046002,"Block Group 2, Census Tract 46, District of Columbia, District of Columbia","Block Group 2, Census Tract 46, District of Columbia, District of Columbia",1570,11.14649682,7.817869416,10.11764706
1.10E+11,A047011,"Block Group 1, Census Tract 47.01, District of Columbia, District of Columbia","Block Group 1, Census Tract 47.01, District of Columbia, District of Columbia",1713,23.29246935,22.4522293,5.335365854
1.10E+11,A047012,"Block Group 2, Census Tract 47.01, District of Columbia, District of Columbia","Block Group 2, Census Tract 47.01, District of Columbia, District of Columbia",3141,25.11938873,4.40755581,10.57834899
1.10E+11,A047021,"Block Group 1, Census Tract 47.02, District of Columbia, District of Columbia","Block Group 1, Census Tract 47.02, District of Columbia, District of Columbia",2875,13.95348837,4.658077304,4.820766378
1.10E+11,A048011,"Block Group 1, Census Tract 48.01, District of Columbia, District of Columbia","Block Group 1, Census Tract 48.01, District of Columbia, District of Columbia",2560,10.22727273,4.918918919,10.44657097
1.10E+11,A048021,"Block Group 1, Census Tract 48.02, District of Columbia, District of Columbia","Block Group 1, Census Tract 48.02, District of Columbia, District of Columbia",1408,5.894886364,3.703703704,8.018867925
1.10E+11,A048022,"Block Group 2, Census Tract 48.02, District of Columbia, District of Columbia","Block Group 2, Census Tract 48.02, District of Columbia, District of Columbia",2132,34.71231574,1.92926045,7.393364929
1.10E+11,A049011,"Block Group 1, Census Tract 49.01, District of Columbia, District of Columbia","Block Group 1, Census Tract 49.01, District of Columbia, District of Columbia",1379,23.49528644,13.33333333,3.16344464
1.10E+11,A049012,"Block Group 2, Census Tract 49.01, District of Columbia, District of Columbia","Block Group 2, Census Tract 49.01, District of Columbia, District of Columbia",1447,13.39846476,2.209944751,8.413793103
1.10E+11,A049021,"Block Group 1, Census Tract 49.02, District of Columbia, District of Columbia","Block Group 1, Census Tract 49.02, District of Columbia, District of Columbia",702,35.75498575,12.84246575,0
1.10E+11,A049022,"Block Group 2, Census Tract 49.02, District of Columbia, District of Columbia","Block Group 2, Census Tract 49.02, District of Columbia, District of Columbia",2453,9.865470852,1.707988981,8.780487805
1.10E+11,A050011,"Block Group 1, Census Tract 50.01, District of Columbia, District of Columbia","Block Group 1, Census Tract 50.01, District of Columbia, District of Columbia",801,1.269035533,2.148997135,6.295399516
1.10E+11,A050012,"Block Group 2, Census Tract 50.01, District of Columbia, District of Columbia","Block Group 2, Census Tract 50.01, District of Columbia, District of Columbia",1275,14.19607843,1.257861635,6.844741235
1.10E+11,A050021,"Block Group 1, Census Tract 50.02, District of Columbia, District of Columbia","Block Group 1, Census Tract 50.02, District of Columbia, District of Columbia",1473,25.52613714,3.915343915,3.595080416
1.10E+11,A050022,"Block Group 2, Census Tract 50.02, District of Columbia, District of Columbia","Block Group 2, Census Tract 50.02, District of Columbia, District of Columbia",1943,4.837879568,0,3.341288783
1.10E+11,A050023,"Block Group 3, Census Tract 50.02, District of Columbia, District of Columbia","Block Group 3, Census Tract 50.02, District of Columbia, District of Columbia",1240,2.661290323,6.039488966,0
1.10E+11,A050024,"Block Group 4, Census Tract 50.02, District of Columbia, District of Columbia","Block Group 4, Census Tract 50.02, District of Columbia, District of Columbia",1315,15.66539924,4.924623116,15.02347418
1.10E+11,A052011,"Block Group 1, Census Tract 52.01, District of Columbia, District of Columbia","Block Group 1, Census Tract 52.01, District of Columbia, District of Columbia",2091,9.325681492,0.88544549,16
1.10E+11,A052012,"Block Group 2, Census Tract 52.01, District of Columbia, District of Columbia","Block Group 2, Census Tract 52.01, District of Columbia, District of Columbia",1376,0,0,10.29572837
1.10E+11,A052013,"Block Group 3, Census Tract 52.01, District of Columbia, District of Columbia","Block Group 3, Census Tract 52.01, District of Columbia, District of Columbia",706,7.365439093,0,15.61996779
1.10E+11,A052014,"Block Group 4, Census Tract 52.01, District of Columbia, District of Columbia","Block Group 4, Census Tract 52.01, District of Columbia, District of Columbia",2032,13.68110236,7.091775924,1.692047377
1.10E+11,A053011,"Block Group 1, Census Tract 53.01, District of Columbia, District of Columbia","Block Group 1, Census Tract 53.01, District of Columbia, District of Columbia",917,5.888767721,6.117647059,10
1.10E+11,A053012,"Block Group 2, Census Tract 53.01, District of Columbia, District of Columbia","Block Group 2, Census Tract 53.01, District of Columbia, District of Columbia",1520,3.684210526,1.979345955,9.209100758
1.10E+11,A053013,"Block Group 3, Census Tract 53.01, District of Columbia, District of Columbia","Block Group 3, Census Tract 53.01, District of Columbia, District of Columbia",1352,13.10861423,0,7.811158798
1.10E+11,A053014,"Block Group 4, Census Tract 53.01, District of Columbia, District of Columbia","Block Group 4, Census Tract 53.01, District of Columbia, District of Columbia",1201,14.98751041,1.485714286,7.211028632
1.10E+11,A055001,"Block Group 1, Census Tract 55, District of Columbia, District of Columbia","Block Group 1, Census Tract 55, District of Columbia, District of Columbia",820,8.547008547,6.26911315,4.578754579
1.10E+11,A055002,"Block Group 2, Census Tract 55, District of Columbia, District of Columbia","Block Group 2, Census Tract 55, District of Columbia, District of Columbia",2508,14.4338118,0,5.939987753
1.10E+11,A055003,"Block Group 3, Census Tract 55, District of Columbia, District of Columbia","Block Group 3, Census Tract 55, District of Columbia, District of Columbia",1710,19.29824561,1.943198804,11.015625
1.10E+11,A055004,"Block Group 4, Census Tract 55, District of Columbia, District of Columbia","Block Group 4, Census Tract 55, District of Columbia, District of Columbia",998,40.77540107,4.166666667,28.96725441
1.10E+11,A055005,"Block Group 5, Census Tract 55, District of Columbia, District of Columbia","Block Group 5, Census Tract 55, District of Columbia, District of Columbia",744,19.62365591,4.109589041,4.896421846
1.10E+11,A056001,"Block Group 1, Census Tract 56, District of Columbia, District of Columbia","Block Group 1, Census Tract 56, District of Columbia, District of Columbia",1905,27.92311799,3.6,12.44147157
1.10E+11,A056002,"Block Group 2, Census Tract 56, District of Columbia, District of Columbia","Block Group 2, Census Tract 56, District of Columbia, District of Columbia",1905,21.61555722,3.023983316,18.45454545
1.10E+11,A056003,"Block Group 3, Census Tract 56, District of Columbia, District of Columbia","Block Group 3, Census Tract 56, District of Columbia, District of Columbia",1788,18.14159292,2.55057168,29.95545657
1.10E+11,A056004,"Block Group 4, Census Tract 56, District of Columbia, District of Columbia","Block Group 4, Census Tract 56, District of Columbia, District of Columbia",1086,31.15845539,3.457446809,17.15686275
1.10E+11,A058001,"Block Group 1, Census Tract 58, District of Columbia, District of Columbia","Block Group 1, Census Tract 58, District of Columbia, District of Columbia",1084,5.073800738,3.833865815,36.66404406
1.10E+11,A058002,"Block Group 2, Census Tract 58, District of Columbia, District of Columbia","Block Group 2, Census Tract 58, District of Columbia, District of Columbia",1685,21.72106825,11.96969697,12.68115942
1.10E+11,A059001,"Block Group 1, Census Tract 59, District of Columbia, District of Columbia","Block Group 1, Census Tract 59, District of Columbia, District of Columbia",2760,17.2597137,4.903846154,15.28218136
1.10E+11,A062021,"Block Group 1, Census Tract 62.02, District of Columbia, District of Columbia","Block Group 1, Census Tract 62.02, District of Columbia, District of Columbia",65,0,0,0
1.10E+11,A064001,"Block Group 1, Census Tract 64, District of Columbia, District of Columbia","Block Group 1, Census Tract 64, District of Columbia, District of Columbia",1322,44.47806354,17.94871795,15.44715447
1.10E+11,A064002,"Block Group 2, Census Tract 64, District of Columbia, District of Columbia","Block Group 2, Census Tract 64, District of Columbia, District of Columbia",1133,45.18976169,12.55144033,8.394160584
1.10E+11,A065001,"Block Group 1, Census Tract 65, District of Columbia, District of Columbia","Block Group 1, Census Tract 65, District of Columbia, District of Columbia",859,17.112922,4.992867332,37.09902371
1.10E+11,A065002,"Block Group 2, Census Tract 65, District of Columbia, District of Columbia","Block Group 2, Census Tract 65, District of Columbia, District of Columbia",1710,8.972845336,5.188679245,12.37113402
1.10E+11,A066001,"Block Group 1, Census Tract 66, District of Columbia, District of Columbia","Block Group 1, Census Tract 66, District of Columbia, District of Columbia",2027,3.507905138,4.819277108,16.81494662
1.10E+11,A067001,"Block Group 1, Census Tract 67, District of Columbia, District of Columbia","Block Group 1, Census Tract 67, District of Columbia, District of Columbia",1384,4.996214989,3.260869565,7.804878049
1.10E+11,A067002,"Block Group 2, Census Tract 67, District of Columbia, District of Columbia","Block Group 2, Census Tract 67, District of Columbia, District of Columbia",1504,0.997340426,0,3.533026114
1.10E+11,A067003,"Block Group 3, Census Tract 67, District of Columbia, District of Columbia","Block Group 3, Census Tract 67, District of Columbia, District of Columbia",1296,9.413580247,2.708559047,7.890743551
1.10E+11,A068011,"Block Group 1, Census Tract 68.01, District of Columbia, District of Columbia","Block Group 1, Census Tract 68.01, District of Columbia, District of Columbia",1587,12.1648136,9.229305423,6.40113798
1.10E+11,A068012,"Block Group 2, Census Tract 68.01, District of Columbia, District of Columbia","Block Group 2, Census Tract 68.01, District of Columbia, District of Columbia",555,5.225225225,5.275229358,8.417508418
1.10E+11,A068021,"Block Group 1, Census Tract 68.02, District of Columbia, District of Columbia","Block Group 1, Census Tract 68.02, District of Columbia, District of Columbia",951,5.993690852,4.833836858,7.242990654
1.10E+11,A068022,"Block Group 2, Census Tract 68.02, District of Columbia, District of Columbia","Block Group 2, Census Tract 68.02, District of Columbia, District of Columbia",1537,11.32075472,9.939148073,2.377179081
1.10E+11,A068041,"Block Group 1, Census Tract 68.04, District of Columbia, District of Columbia","Block Group 1, Census Tract 68.04, District of Columbia, District of Columbia",2803,59.24170616,48.61111111,0
1.10E+11,A069001,"Block Group 1, Census Tract 69, District of Columbia, District of Columbia","Block Group 1, Census Tract 69, District of Columbia, District of Columbia",1421,5.137227305,0.507614213,9.935897436
1.10E+11,A069002,"Block Group 2, Census Tract 69, District of Columbia, District of Columbia","Block Group 2, Census Tract 69, District of Columbia, District of Columbia",799,2.002503129,0,0
1.10E+11,A070001,"Block Group 1, Census Tract 70, District of Columbia, District of Columbia","Block Group 1, Census Tract 70, District of Columbia, District of Columbia",1441,2.220680083,3.483992467,3.734439834
1.10E+11,A070002,"Block Group 2, Census Tract 70, District of Columbia, District of Columbia","Block Group 2, Census Tract 70, District of Columbia, District of Columbia",1393,8.799048751,2.841918295,12.5
1.10E+11,A071001,"Block Group 1, Census Tract 71, District of Columbia, District of Columbia","Block Group 1, Census Tract 71, District of Columbia, District of Columbia",703,39.68705548,11.49825784,8.053691275
1.10E+11,A071002,"Block Group 2, Census Tract 71, District of Columbia, District of Columbia","Block Group 2, Census Tract 71, District of Columbia, District of Columbia",2646,34.88284203,16.53076353,2.610261026
1.10E+11,A072001,"Block Group 1, Census Tract 72, District of Columbia, District of Columbia","Block Group 1, Census Tract 72, District of Columbia, District of Columbia",3469,10.83885846,5.107987659,3.559693319
1.10E+11,A072002,"Block Group 2, Census Tract 72, District of Columbia, District of Columbia","Block Group 2, Census Tract 72, District of Columbia, District of Columbia",1195,15.5473781,3.6643026,8.386277001
1.10E+11,A073011,"Block Group 1, Census Tract 73.01, District of Columbia, District of Columbia","Block Group 1, Census Tract 73.01, District of Columbia, District of Columbia",4680,3.60020141,0.967199327,16.01941748
1.10E+11,A073041,"Block Group 1, Census Tract 73.04, District of Columbia, District of Columbia","Block Group 1, Census Tract 73.04, District of Columbia, District of Columbia",2163,44.35483871,21.16991643,11.13831089
1.10E+11,A073042,"Block Group 2, Census Tract 73.04, District of Columbia, District of Columbia","Block Group 2, Census Tract 73.04, District of Columbia, District of Columbia",946,29.9154334,25.74031891,19.03553299
1.10E+11,A073043,"Block Group 3, Census Tract 73.04, District of Columbia, District of Columbia","Block Group 3, Census Tract 73.04, District of Columbia, District of Columbia",318,12.57861635,4.929577465,23.67149758
1.10E+11,A074011,"Block Group 1, Census Tract 74.01, District of Columbia, District of Columbia","Block Group 1, Census Tract 74.01, District of Columbia, District of Columbia",1206,61.85737977,14.5631068,23.23049002
1.10E+11,A074012,"Block Group 2, Census Tract 74.01, District of Columbia, District of Columbia","Block Group 2, Census Tract 74.01, District of Columbia, District of Columbia",1108,64.64737794,35.8974359,13.23792487
1.10E+11,A074031,"Block Group 1, Census Tract 74.03, District of Columbia, District of Columbia","Block Group 1, Census Tract 74.03, District of Columbia, District of Columbia",3192,40.78947368,15.97494127,8.786610879
1.10E+11,A074041,"Block Group 1, Census Tract 74.04, District of Columbia, District of Columbia","Block Group 1, Census Tract 74.04, District of Columbia, District of Columbia",2098,39.46615825,24.5508982,15.02463054
1.10E+11,A074042,"Block Group 2, Census Tract 74.04, District of Columbia, District of Columbia","Block Group 2, Census Tract 74.04, District of Columbia, District of Columbia",1533,32.74624918,18.18181818,2.031602709
1.10E+11,A074043,"Block Group 3, Census Tract 74.04, District of Columbia, District of Columbia","Block Group 3, Census Tract 74.04, District of Columbia, District of Columbia",154,54.54545455,0,64.97175141
1.10E+11,A074061,"Block Group 1, Census Tract 74.06, District of Columbia, District of Columbia","Block Group 1, Census Tract 74.06, District of Columbia, District of Columbia",1764,29.05059693,6.686046512,13.13131313
1.10E+11,A074062,"Block Group 2, Census Tract 74.06, District of Columbia, District of Columbia","Block Group 2, Census Tract 74.06, District of Columbia, District of Columbia",1190,66.47058824,12.39193084,28.62453532
1.10E+11,A074071,"Block Group 1, Census Tract 74.07, District of Columbia, District of Columbia","Block Group 1, Census Tract 74.07, District of Columbia, District of Columbia",807,16.85254027,20.42682927,5.3125
1.10E+11,A074072,"Block Group 2, Census Tract 74.07, District of Columbia, District of Columbia","Block Group 2, Census Tract 74.07, District of Columbia, District of Columbia",2094,26.49903288,7.911392405,11.91111111
1.10E+11,A074081,"Block Group 1, Census Tract 74.08, District of Columbia, District of Columbia","Block Group 1, Census Tract 74.08, District of Columbia, District of Columbia",3607,53.27540107,25.95419847,16.95553881
1.10E+11,A074091,"Block Group 1, Census Tract 74.09, District of Columbia, District of Columbia","Block Group 1, Census Tract 74.09, District of Columbia, District of Columbia",1099,23.38489536,16.04696673,20.98540146
1.10E+11,A074092,"Block Group 2, Census Tract 74.09, District of Columbia, District of Columbia","Block Group 2, Census Tract 74.09, District of Columbia, District of Columbia",1310,37.09923664,22.18181818,1.340996169
1.10E+11,A074093,"Block Group 3, Census Tract 74.09, District of Columbia, District of Columbia","Block Group 3, Census Tract 74.09, District of Columbia, District of Columbia",1485,30.97643098,8.333333333,0
1.10E+11,A075021,"Block Group 1, Census Tract 75.02, District of Columbia, District of Columbia","Block Group 1, Census Tract 75.02, District of Columbia, District of Columbia",3407,48.67004433,30.74324324,8.664259928
1.10E+11,A075022,"Block Group 2, Census Tract 75.02, District of Columbia, District of Columbia","Block Group 2, Census Tract 75.02, District of Columbia, District of Columbia",1757,50.76835515,22.03647416,14.59227468
1.10E+11,A075031,"Block Group 1, Census Tract 75.03, District of Columbia, District of Columbia","Block Group 1, Census Tract 75.03, District of Columbia, District of Columbia",648,34.87654321,13.15789474,6.571428571
1.10E+11,A075032,"Block Group 2, Census Tract 75.03, District of Columbia, District of Columbia","Block Group 2, Census Tract 75.03, District of Columbia, District of Columbia",2000,49.1,19.87281399,13.24965132
1.10E+11,A075041,"Block Group 1, Census Tract 75.04, District of Columbia, District of Columbia","Block Group 1, Census Tract 75.04, District of Columbia, District of Columbia",2903,42.80762565,21.07706592,22.12643678
1.10E+11,A076011,"Block Group 1, Census Tract 76.01, District of Columbia, District of Columbia","Block Group 1, Census Tract 76.01, District of Columbia, District of Columbia",877,10.2622577,13.03602058,14.31334623
1.10E+11,A076012,"Block Group 2, Census Tract 76.01, District of Columbia, District of Columbia","Block Group 2, Census Tract 76.01, District of Columbia, District of Columbia",260,25.38461538,7.547169811,4.545454545
1.10E+11,A076013,"Block Group 3, Census Tract 76.01, District of Columbia, District of Columbia","Block Group 3, Census Tract 76.01, District of Columbia, District of Columbia",2116,22.82556463,21.28279883,10.74481074
1.10E+11,A076014,"Block Group 4, Census Tract 76.01, District of Columbia, District of Columbia","Block Group 4, Census Tract 76.01, District of Columbia, District of Columbia",756,22.48677249,13.13672922,27.68878719
1.10E+11,A076015,"Block Group 5, Census Tract 76.01, District of Columbia, District of Columbia","Block Group 5, Census Tract 76.01, District of Columbia, District of Columbia",900,27,14.73922902,13.68909513
1.10E+11,A076031,"Block Group 1, Census Tract 76.03, District of Columbia, District of Columbia","Block Group 1, Census Tract 76.03, District of Columbia, District of Columbia",1578,28.07351077,0,13.47583643
1.10E+11,A076032,"Block Group 2, Census Tract 76.03, District of Columbia, District of Columbia","Block Group 2, Census Tract 76.03, District of Columbia, District of Columbia",402,6.218905473,0,44.44444444
1.10E+11,A076033,"Block Group 3, Census Tract 76.03, District of Columbia, District of Columbia","Block Group 3, Census Tract 76.03, District of Columbia, District of Columbia",854,34.30913349,35.0877193,0
1.10E+11,A076034,"Block Group 4, Census Tract 76.03, District of Columbia, District of Columbia","Block Group 4, Census Tract 76.03, District of Columbia, District of Columbia",1200,28.16666667,8.128834356,2.173913043
1.10E+11,A076041,"Block Group 1, Census Tract 76.04, District of Columbia, District of Columbia","Block Group 1, Census Tract 76.04, District of Columbia, District of Columbia",1412,47.3796034,19.77077364,6.176470588
1.10E+11,A076042,"Block Group 2, Census Tract 76.04, District of Columbia, District of Columbia","Block Group 2, Census Tract 76.04, District of Columbia, District of Columbia",1401,8.493932905,18.03084223,16.22002821
1.10E+11,A076043,"Block Group 3, Census Tract 76.04, District of Columbia, District of Columbia","Block Group 3, Census Tract 76.04, District of Columbia, District of Columbia",1199,20.51709758,9.718309859,17.33524355
1.10E+11,A076051,"Block Group 1, Census Tract 76.05, District of Columbia, District of Columbia","Block Group 1, Census Tract 76.05, District of Columbia, District of Columbia",698,9.742120344,2.419354839,0
1.10E+11,A076052,"Block Group 2, Census Tract 76.05, District of Columbia, District of Columbia","Block Group 2, Census Tract 76.05, District of Columbia, District of Columbia",2387,29.91202346,12.99303944,13.90946502
1.10E+11,A076053,"Block Group 3, Census Tract 76.05, District of Columbia, District of Columbia","Block Group 3, Census Tract 76.05, District of Columbia, District of Columbia",908,50.22172949,35.64102564,22.72727273
1.10E+11,A077031,"Block Group 1, Census Tract 77.03, District of Columbia, District of Columbia","Block Group 1, Census Tract 77.03, District of Columbia, District of Columbia",797,27.72898369,19.46666667,7.614213198
1.10E+11,A077032,"Block Group 2, Census Tract 77.03, District of Columbia, District of Columbia","Block Group 2, Census Tract 77.03, District of Columbia, District of Columbia",1126,20.42628774,29.80392157,19.96466431
1.10E+11,A077033,"Block Group 3, Census Tract 77.03, District of Columbia, District of Columbia","Block Group 3, Census Tract 77.03, District of Columbia, District of Columbia",3112,51.70308483,32.02911738,2.236951118
1.10E+11,A077034,"Block Group 4, Census Tract 77.03, District of Columbia, District of Columbia","Block Group 4, Census Tract 77.03, District of Columbia, District of Columbia",486,52.88065844,11.80811808,27.40963855
1.10E+11,A077071,"Block Group 1, Census Tract 77.07, District of Columbia, District of Columbia","Block Group 1, Census Tract 77.07, District of Columbia, District of Columbia",2830,45.28710726,18.27411168,18.08149406
1.10E+11,A077072,"Block Group 2, Census Tract 77.07, District of Columbia, District of Columbia","Block Group 2, Census Tract 77.07, District of Columbia, District of Columbia",1677,17.039801,14.16781293,12.09800919
1.10E+11,A077081,"Block Group 1, Census Tract 77.08, District of Columbia, District of Columbia","Block Group 1, Census Tract 77.08, District of Columbia, District of Columbia",1592,44.72361809,35.94976452,3.476821192
1.10E+11,A077082,"Block Group 2, Census Tract 77.08, District of Columbia, District of Columbia","Block Group 2, Census Tract 77.08, District of Columbia, District of Columbia",1420,13.94366197,27.87610619,18.57923497
1.10E+11,A077091,"Block Group 1, Census Tract 77.09, District of Columbia, District of Columbia","Block Group 1, Census Tract 77.09, District of Columbia, District of Columbia",1302,29.85305491,23.88973966,12.78089888
1.10E+11,A077092,"Block Group 2, Census Tract 77.09, District of Columbia, District of Columbia","Block Group 2, Census Tract 77.09, District of Columbia, District of Columbia",973,26.61870504,17.9337232,12.84210526
1.10E+11,A078031,"Block Group 1, Census Tract 78.03, District of Columbia, District of Columbia","Block Group 1, Census Tract 78.03, District of Columbia, District of Columbia",990,34.24242424,30.42635659,5.567928731
1.10E+11,A078032,"Block Group 2, Census Tract 78.03, District of Columbia, District of Columbia","Block Group 2, Census Tract 78.03, District of Columbia, District of Columbia",607,17.95716639,6.395348837,0
1.10E+11,A078033,"Block Group 3, Census Tract 78.03, District of Columbia, District of Columbia","Block Group 3, Census Tract 78.03, District of Columbia, District of Columbia",652,1.533742331,2.173913043,25.25773196
1.10E+11,A078034,"Block Group 4, Census Tract 78.03, District of Columbia, District of Columbia","Block Group 4, Census Tract 78.03, District of Columbia, District of Columbia",1458,26.18542109,18.79194631,15.73875803
1.10E+11,A078041,"Block Group 1, Census Tract 78.04, District of Columbia, District of Columbia","Block Group 1, Census Tract 78.04, District of Columbia, District of Columbia",1279,36.66666667,7.620817844,19.06077348
1.10E+11,A078042,"Block Group 2, Census Tract 78.04, District of Columbia, District of Columbia","Block Group 2, Census Tract 78.04, District of Columbia, District of Columbia",1384,38.22254335,17.13810316,15.41609823
1.10E+11,A078043,"Block Group 3, Census Tract 78.04, District of Columbia, District of Columbia","Block Group 3, Census Tract 78.04, District of Columbia, District of Columbia",884,17.88990826,21.15384615,12.96829971
1.10E+11,A078061,"Block Group 1, Census Tract 78.06, District of Columbia, District of Columbia","Block Group 1, Census Tract 78.06, District of Columbia, District of Columbia",1043,30.29126214,21.53846154,13.2183908
1.10E+11,A078062,"Block Group 2, Census Tract 78.06, District of Columbia, District of Columbia","Block Group 2, Census Tract 78.06, District of Columbia, District of Columbia",1035,28.89105058,16.60377358,22.30347349
1.10E+11,A078071,"Block Group 1, Census Tract 78.07, District of Columbia, District of Columbia","Block Group 1, Census Tract 78.07, District of Columbia, District of Columbia",1383,14.69949312,19.3006993,7.77385159
1.10E+11,A078072,"Block Group 2, Census Tract 78.07, District of Columbia, District of Columbia","Block Group 2, Census Tract 78.07, District of Columbia, District of Columbia",934,15.20342612,12.5,13.53211009
1.10E+11,A078081,"Block Group 1, Census Tract 78.08, District of Columbia, District of Columbia","Block Group 1, Census Tract 78.08, District of Columbia, District of Columbia",1909,22.83918282,17.14801444,6.841339156
1.10E+11,A078082,"Block Group 2, Census Tract 78.08, District of Columbia, District of Columbia","Block Group 2, Census Tract 78.08, District of Columbia, District of Columbia",842,35.03562945,9.259259259,29.02097902
1.10E+11,A078083,"Block Group 3, Census Tract 78.08, District of Columbia, District of Columbia","Block Group 3, Census Tract 78.08, District of Columbia, District of Columbia",1096,28.10218978,51.82724252,19.79949875
1.10E+11,A078091,"Block Group 1, Census Tract 78.09, District of Columbia, District of Columbia","Block Group 1, Census Tract 78.09, District of Columbia, District of Columbia",2003,22.75689223,10.17391304,12.91963377
1.10E+11,A078092,"Block Group 2, Census Tract 78.09, District of Columbia, District of Columbia","Block Group 2, Census Tract 78.09, District of Columbia, District of Columbia",1071,34.61538462,21.12436116,4.702970297
1.10E+11,A079011,"Block Group 1, Census Tract 79.01, District of Columbia, District of Columbia","Block Group 1, Census Tract 79.01, District of Columbia, District of Columbia",324,48.14814815,13.38028169,18.62348178
1.10E+11,A079012,"Block Group 2, Census Tract 79.01, District of Columbia, District of Columbia","Block Group 2, Census Tract 79.01, District of Columbia, District of Columbia",1014,7.915831663,1.221640489,21.47368421
1.10E+11,A079013,"Block Group 3, Census Tract 79.01, District of Columbia, District of Columbia","Block Group 3, Census Tract 79.01, District of Columbia, District of Columbia",1548,18.54005168,25.58139535,11.5755627
1.10E+11,A079014,"Block Group 4, Census Tract 79.01, District of Columbia, District of Columbia","Block Group 4, Census Tract 79.01, District of Columbia, District of Columbia",1011,33.53115727,21.94616977,14.02439024
1.10E+11,A079031,"Block Group 1, Census Tract 79.03, District of Columbia, District of Columbia","Block Group 1, Census Tract 79.03, District of Columbia, District of Columbia",1907,19.25925926,10.40076336,13.6659436
1.10E+11,A080011,"Block Group 1, Census Tract 80.01, District of Columbia, District of Columbia","Block Group 1, Census Tract 80.01, District of Columbia, District of Columbia",744,1.44092219,3.249097473,16.79586563
1.10E+11,A080012,"Block Group 2, Census Tract 80.01, District of Columbia, District of Columbia","Block Group 2, Census Tract 80.01, District of Columbia, District of Columbia",1527,7.924034054,8.149568552,2.722063037
1.10E+11,A080013,"Block Group 3, Census Tract 80.01, District of Columbia, District of Columbia","Block Group 3, Census Tract 80.01, District of Columbia, District of Columbia",891,7.407407407,5.31496063,8.176100629
1.10E+11,A080021,"Block Group 1, Census Tract 80.02, District of Columbia, District of Columbia","Block Group 1, Census Tract 80.02, District of Columbia, District of Columbia",1208,8.526490066,5.199115044,4.851330203
1.10E+11,A080022,"Block Group 2, Census Tract 80.02, District of Columbia, District of Columbia","Block Group 2, Census Tract 80.02, District of Columbia, District of Columbia",2229,4.326273096,7.438596491,5.572441743
1.10E+11,A081001,"Block Group 1, Census Tract 81, District of Columbia, District of Columbia","Block Group 1, Census Tract 81, District of Columbia, District of Columbia",825,2.424242424,1.157024793,0
1.10E+11,A081002,"Block Group 2, Census Tract 81, District of Columbia, District of Columbia","Block Group 2, Census Tract 81, District of Columbia, District of Columbia",1569,0.772200772,2.249297095,2.011494253
1.10E+11,A081003,"Block Group 3, Census Tract 81, District of Columbia, District of Columbia","Block Group 3, Census Tract 81, District of Columbia, District of Columbia",843,4.863582444,0,14.64435146
1.10E+11,A082001,"Block Group 1, Census Tract 82, District of Columbia, District of Columbia","Block Group 1, Census Tract 82, District of Columbia, District of Columbia",894,0,5.147058824,8.492569002
1.10E+11,A082002,"Block Group 2, Census Tract 82, District of Columbia, District of Columbia","Block Group 2, Census Tract 82, District of Columbia, District of Columbia",2112,10.59883413,2.46174318,6.120527307
1.10E+11,A083011,"Block Group 1, Census Tract 83.01, District of Columbia, District of Columbia","Block Group 1, Census Tract 83.01, District of Columbia, District of Columbia",1203,3.241895262,3.192702395,11.4490161
1.10E+11,A083012,"Block Group 2, Census Tract 83.01, District of Columbia, District of Columbia","Block Group 2, Census Tract 83.01, District of Columbia, District of Columbia",1216,5.322862129,4.385026738,12.7694859
1.10E+11,A083021,"Block Group 1, Census Tract 83.02, District of Columbia, District of Columbia","Block Group 1, Census Tract 83.02, District of Columbia, District of Columbia",2446,4.906643508,2.05811138,4.940711462
1.10E+11,A084021,"Block Group 1, Census Tract 84.02, District of Columbia, District of Columbia","Block Group 1, Census Tract 84.02, District of Columbia, District of Columbia",1022,3.326810176,2.29468599,5.295315682
1.10E+11,A084022,"Block Group 2, Census Tract 84.02, District of Columbia, District of Columbia","Block Group 2, Census Tract 84.02, District of Columbia, District of Columbia",1107,20.11019284,10.61827957,3.038674033
1.10E+11,A084101,"Block Group 1, Census Tract 84.10, District of Columbia, District of Columbia","Block Group 1, Census Tract 84.10, District of Columbia, District of Columbia",1454,7.425399028,3.448275862,11.37440758
1.10E+11,A087011,"Block Group 1, Census Tract 87.01, District of Columbia, District of Columbia","Block Group 1, Census Tract 87.01, District of Columbia, District of Columbia",1515,8.228268082,2.728873239,11.53238547
1.10E+11,A087012,"Block Group 2, Census Tract 87.01, District of Columbia, District of Columbia","Block Group 2, Census Tract 87.01, District of Columbia, District of Columbia",1127,14.01952085,4.644412192,20.55555556
1.10E+11,A087021,"Block Group 1, Census Tract 87.02, District of Columbia, District of Columbia","Block Group 1, Census Tract 87.02, District of Columbia, District of Columbia",1285,31.20622568,14.23076923,19.36619718
1.10E+11,A087022,"Block Group 2, Census Tract 87.02, District of Columbia, District of Columbia","Block Group 2, Census Tract 87.02, District of Columbia, District of Columbia",741,17.13900135,6.423982869,0
1.10E+11,A088021,"Block Group 1, Census Tract 88.02, District of Columbia, District of Columbia","Block Group 1, Census Tract 88.02, District of Columbia, District of Columbia",617,22.6904376,5.722891566,13.81578947
1.10E+11,A088022,"Block Group 2, Census Tract 88.02, District of Columbia, District of Columbia","Block Group 2, Census Tract 88.02, District of Columbia, District of Columbia",1628,26.5970516,12.16041397,8.591549296
1.10E+11,A088023,"Block Group 3, Census Tract 88.02, District of Columbia, District of Columbia","Block Group 3, Census Tract 88.02, District of Columbia, District of Columbia",1469,11.36827774,9.727164887,8.178438662
1.10E+11,A088024,"Block Group 4, Census Tract 88.02, District of Columbia, District of Columbia","Block Group 4, Census Tract 88.02, District of Columbia, District of Columbia",1183,26.10921502,20.83916084,8.2
1.10E+11,A088031,"Block Group 1, Census Tract 88.03, District of Columbia, District of Columbia","Block Group 1, Census Tract 88.03, District of Columbia, District of Columbia",2344,51.953125,18.7755102,17.19653179
1.10E+11,A088041,"Block Group 1, Census Tract 88.04, District of Columbia, District of Columbia","Block Group 1, Census Tract 88.04, District of Columbia, District of Columbia",980,16.16266945,13.42925659,26.44320298
1.10E+11,A088042,"Block Group 2, Census Tract 88.04, District of Columbia, District of Columbia","Block Group 2, Census Tract 88.04, District of Columbia, District of Columbia",1520,33.35526316,22.03208556,17.44186047
1.10E+11,A089031,"Block Group 1, Census Tract 89.03, District of Columbia, District of Columbia","Block Group 1, Census Tract 89.03, District of Columbia, District of Columbia",2628,27.43227776,6.25,11.38535032
1.10E+11,A089032,"Block Group 2, Census Tract 89.03, District of Columbia, District of Columbia","Block Group 2, Census Tract 89.03, District of Columbia, District of Columbia",820,26.34146341,15.87301587,26.59574468
1.10E+11,A089041,"Block Group 1, Census Tract 89.04, District of Columbia, District of Columbia","Block Group 1, Census Tract 89.04, District of Columbia, District of Columbia",2255,25.23281596,15.52651806,13.5431918
1.10E+11,A089042,"Block Group 2, Census Tract 89.04, District of Columbia, District of Columbia","Block Group 2, Census Tract 89.04, District of Columbia, District of Columbia",1083,28.53185596,12.89782245,18.46921797
1.10E+11,A090001,"Block Group 1, Census Tract 90, District of Columbia, District of Columbia","Block Group 1, Census Tract 90, District of Columbia, District of Columbia",1448,20.3038674,0,3.552206674
1.10E+11,A090002,"Block Group 2, Census Tract 90, District of Columbia, District of Columbia","Block Group 2, Census Tract 90, District of Columbia, District of Columbia",1597,18.53475266,17.29518856,4.302203568
1.10E+11,A091021,"Block Group 1, Census Tract 91.02, District of Columbia, District of Columbia","Block Group 1, Census Tract 91.02, District of Columbia, District of Columbia",922,7.48373102,26.76864245,4.010025063
1.10E+11,A091022,"Block Group 2, Census Tract 91.02, District of Columbia, District of Columbia","Block Group 2, Census Tract 91.02, District of Columbia, District of Columbia",2505,35.04482478,10.47854785,6.757912746
1.10E+11,A091023,"Block Group 3, Census Tract 91.02, District of Columbia, District of Columbia","Block Group 3, Census Tract 91.02, District of Columbia, District of Columbia",1837,33.66500829,11.68224299,3.98089172
1.10E+11,A092011,"Block Group 1, Census Tract 92.01, District of Columbia, District of Columbia","Block Group 1, Census Tract 92.01, District of Columbia, District of Columbia",2844,20.43824701,9.845788849,10.83743842
1.10E+11,A092031,"Block Group 1, Census Tract 92.03, District of Columbia, District of Columbia","Block Group 1, Census Tract 92.03, District of Columbia, District of Columbia",1344,10.90225564,14.24375918,3.512880562
1.10E+11,A092032,"Block Group 2, Census Tract 92.03, District of Columbia, District of Columbia","Block Group 2, Census Tract 92.03, District of Columbia, District of Columbia",1342,13.33830104,4,26.04651163
1.10E+11,A092041,"Block Group 1, Census Tract 92.04, District of Columbia, District of Columbia","Block Group 1, Census Tract 92.04, District of Columbia, District of Columbia",1037,13.50048216,17.715959,16.95906433
1.10E+11,A092042,"Block Group 2, Census Tract 92.04, District of Columbia, District of Columbia","Block Group 2, Census Tract 92.04, District of Columbia, District of Columbia",1814,49.00771775,32.56227758,1.769911504
1.10E+11,A093011,"Block Group 1, Census Tract 93.01, District of Columbia, District of Columbia","Block Group 1, Census Tract 93.01, District of Columbia, District of Columbia",770,2.467532468,38.69565217,0
1.10E+11,A093012,"Block Group 2, Census Tract 93.01, District of Columbia, District of Columbia","Block Group 2, Census Tract 93.01, District of Columbia, District of Columbia",966,10.35196687,8.81294964,6.572769953
1.10E+11,A093013,"Block Group 3, Census Tract 93.01, District of Columbia, District of Columbia","Block Group 3, Census Tract 93.01, District of Columbia, District of Columbia",1001,11.18881119,5.731225296,11.91222571
1.10E+11,A093014,"Block Group 4, Census Tract 93.01, District of Columbia, District of Columbia","Block Group 4, Census Tract 93.01, District of Columbia, District of Columbia",781,6.402048656,12.19008264,0
1.10E+11,A093021,"Block Group 1, Census Tract 93.02, District of Columbia, District of Columbia","Block Group 1, Census Tract 93.02, District of Columbia, District of Columbia",1043,9.2042186,9.75975976,8.45323741
1.10E+11,A094001,"Block Group 1, Census Tract 94, District of Columbia, District of Columbia","Block Group 1, Census Tract 94, District of Columbia, District of Columbia",822,1.581508516,15.33018868,11.95335277
1.10E+11,A094002,"Block Group 2, Census Tract 94, District of Columbia, District of Columbia","Block Group 2, Census Tract 94, District of Columbia, District of Columbia",1455,7.835051546,11.36363636,11.33093525
1.10E+11,A094003,"Block Group 3, Census Tract 94, District of Columbia, District of Columbia","Block Group 3, Census Tract 94, District of Columbia, District of Columbia",2041,20.28627838,20.41484716,1.258992806
1.10E+11,A094004,"Block Group 4, Census Tract 94, District of Columbia, District of Columbia","Block Group 4, Census Tract 94, District of Columbia, District of Columbia",975,4.205128205,11.18421053,10.12658228
1.10E+11,A095011,"Block Group 1, Census Tract 95.01, District of Columbia, District of Columbia","Block Group 1, Census Tract 95.01, District of Columbia, District of Columbia",3240,10.68442242,9.89010989,1.680672269
1.10E+11,A095012,"Block Group 2, Census Tract 95.01, District of Columbia, District of Columbia","Block Group 2, Census Tract 95.01, District of Columbia, District of Columbia",837,34.79899497,2.843601896,5.614973262
1.10E+11,A095013,"Block Group 3, Census Tract 95.01, District of Columbia, District of Columbia","Block Group 3, Census Tract 95.01, District of Columbia, District of Columbia",3548,25.63749139,10.5227427,8.431952663
1.10E+11,A095031,"Block Group 1, Census Tract 95.03, District of Columbia, District of Columbia","Block Group 1, Census Tract 95.03, District of Columbia, District of Columbia",1706,4.572098476,6.973995272,1.221374046
1.10E+11,A095032,"Block Group 2, Census Tract 95.03, District of Columbia, District of Columbia","Block Group 2, Census Tract 95.03, District of Columbia, District of Columbia",899,5.535924617,5.539358601,0
1.10E+11,A095033,"Block Group 3, Census Tract 95.03, District of Columbia, District of Columbia","Block Group 3, Census Tract 95.03, District of Columbia, District of Columbia",832,8.457711443,4.8828125,11.73184358
1.10E+11,A095041,"Block Group 1, Census Tract 95.04, District of Columbia, District of Columbia","Block Group 1, Census Tract 95.04, District of Columbia, District of Columbia",1593,7.972379159,7.209737828,8.066298343
1.10E+11,A095042,"Block Group 2, Census Tract 95.04, District of Columbia, District of Columbia","Block Group 2, Census Tract 95.04, District of Columbia, District of Columbia",1725,8.51800554,16.55540721,7.797270955
1.10E+11,A095051,"Block Group 1, Census Tract 95.05, District of Columbia, District of Columbia","Block Group 1, Census Tract 95.05, District of Columbia, District of Columbia",666,3.603603604,20.68126521,13.66906475
1.10E+11,A095052,"Block Group 2, Census Tract 95.05, District of Columbia, District of Columbia","Block Group 2, Census Tract 95.05, District of Columbia, District of Columbia",608,2.138157895,15.43624161,30.46357616
1.10E+11,A095053,"Block Group 3, Census Tract 95.05, District of Columbia, District of Columbia","Block Group 3, Census Tract 95.05, District of Columbia, District of Columbia",1305,17.49226006,9.226190476,9.863945578
1.10E+11,A095071,"Block Group 1, Census Tract 95.07, District of Columbia, District of Columbia","Block Group 1, Census Tract 95.07, District of Columbia, District of Columbia",1777,14.57512662,18.94618834,6.58105939
1.10E+11,A095081,"Block Group 1, Census Tract 95.08, District of Columbia, District of Columbia","Block Group 1, Census Tract 95.08, District of Columbia, District of Columbia",845,23.90532544,3.299492386,10.60070671
1.10E+11,A095082,"Block Group 2, Census Tract 95.08, District of Columbia, District of Columbia","Block Group 2, Census Tract 95.08, District of Columbia, District of Columbia",1374,2.328966521,15.39509537,1.5625
1.10E+11,A095083,"Block Group 3, Census Tract 95.08, District of Columbia, District of Columbia","Block Group 3, Census Tract 95.08, District of Columbia, District of Columbia",1469,12.32130701,14.65968586,7.679465776
1.10E+11,A095091,"Block Group 1, Census Tract 95.09, District of Columbia, District of Columbia","Block Group 1, Census Tract 95.09, District of Columbia, District of Columbia",1430,2.097902098,20.42042042,5.761316872
1.10E+11,A095092,"Block Group 2, Census Tract 95.09, District of Columbia, District of Columbia","Block Group 2, Census Tract 95.09, District of Columbia, District of Columbia",802,4.987531172,11.58940397,8.375634518
1.10E+11,A095093,"Block Group 3, Census Tract 95.09, District of Columbia, District of Columbia","Block Group 3, Census Tract 95.09, District of Columbia, District of Columbia",1077,4.921077066,14.77079796,5.102040816
1.10E+11,A096011,"Block Group 1, Census Tract 96.01, District of Columbia, District of Columbia","Block Group 1, Census Tract 96.01, District of Columbia, District of Columbia",2383,42.70568278,30.31809145,7.508161045
1.10E+11,A096021,"Block Group 1, Census Tract 96.02, District of Columbia, District of Columbia","Block Group 1, Census Tract 96.02, District of Columbia, District of Columbia",1530,42.15686275,17.77456647,6.056701031
1.10E+11,A096022,"Block Group 2, Census Tract 96.02, District of Columbia, District of Columbia","Block Group 2, Census Tract 96.02, District of Columbia, District of Columbia",2143,44.0970602,25.30266344,4.446854664
1.10E+11,A096031,"Block Group 1, Census Tract 96.03, District of Columbia, District of Columbia","Block Group 1, Census Tract 96.03, District of Columbia, District of Columbia",1694,17.76859504,19.24629879,9.540229885
1.10E+11,A096032,"Block Group 2, Census Tract 96.03, District of Columbia, District of Columbia","Block Group 2, Census Tract 96.03, District of Columbia, District of Columbia",601,1.164725458,12.20338983,15.6462585
1.10E+11,A096033,"Block Group 3, Census Tract 96.03, District of Columbia, District of Columbia","Block Group 3, Census Tract 96.03, District of Columbia, District of Columbia",1219,15.63275434,23.36769759,9.800918836
1.10E+11,A096041,"Block Group 1, Census Tract 96.04, District of Columbia, District of Columbia","Block Group 1, Census Tract 96.04, District of Columbia, District of Columbia",1364,9.548482605,3.824362606,4.334365325
1.10E+11,A096042,"Block Group 2, Census Tract 96.04, District of Columbia, District of Columbia","Block Group 2, Census Tract 96.04, District of Columbia, District of Columbia",759,15.67852437,16.36828645,7.881773399
1.10E+11,A097001,"Block Group 1, Census Tract 97, District of Columbia, District of Columbia","Block Group 1, Census Tract 97, District of Columbia, District of Columbia",2567,35.97178683,24.87462387,6.557377049
1.10E+11,A097002,"Block Group 2, Census Tract 97, District of Columbia, District of Columbia","Block Group 2, Census Tract 97, District of Columbia, District of Columbia",867,36.33217993,36.91983122,14.83516484
1.10E+11,A098011,"Block Group 1, Census Tract 98.01, District of Columbia, District of Columbia","Block Group 1, Census Tract 98.01, District of Columbia, District of Columbia",2373,43.94987035,27.14617169,12.04569055
1.10E+11,A098021,"Block Group 1, Census Tract 98.02, District of Columbia, District of Columbia","Block Group 1, Census Tract 98.02, District of Columbia, District of Columbia",635,67.55905512,59.375,45.2991453
1.10E+11,A098022,"Block Group 2, Census Tract 98.02, District of Columbia, District of Columbia","Block Group 2, Census Tract 98.02, District of Columbia, District of Columbia",1122,31.81818182,26.3681592,15.625
1.10E+11,A098031,"Block Group 1, Census Tract 98.03, District of Columbia, District of Columbia","Block Group 1, Census Tract 98.03, District of Columbia, District of Columbia",853,44.19695193,22.99168975,18.52731591
1.10E+11,A098032,"Block Group 2, Census Tract 98.03, District of Columbia, District of Columbia","Block Group 2, Census Tract 98.03, District of Columbia, District of Columbia",894,51.67785235,32.87671233,23.69077307
1.10E+11,A098033,"Block Group 3, Census Tract 98.03, District of Columbia, District of Columbia","Block Group 3, Census Tract 98.03, District of Columbia, District of Columbia",1039,49.47064485,38.20224719,9.375
1.10E+11,A098041,"Block Group 1, Census Tract 98.04, District of Columbia, District of Columbia","Block Group 1, Census Tract 98.04, District of Columbia, District of Columbia",1838,36.61588683,21.89859763,10.4665826
1.10E+11,A098042,"Block Group 2, Census Tract 98.04, District of Columbia, District of Columbia","Block Group 2, Census Tract 98.04, District of Columbia, District of Columbia",996,29.41767068,34.17721519,0
1.10E+11,A098071,"Block Group 1, Census Tract 98.07, District of Columbia, District of Columbia","Block Group 1, Census Tract 98.07, District of Columbia, District of Columbia",655,23.96946565,13.55421687,12.54237288
1.10E+11,A098072,"Block Group 2, Census Tract 98.07, District of Columbia, District of Columbia","Block Group 2, Census Tract 98.07, District of Columbia, District of Columbia",2216,24.68443198,22.96099291,25.93984962
1.10E+11,A098101,"Block Group 1, Census Tract 98.10, District of Columbia, District of Columbia","Block Group 1, Census Tract 98.10, District of Columbia, District of Columbia",1728,39.19392523,39.09774436,3.170409511
1.10E+11,A098102,"Block Group 2, Census Tract 98.10, District of Columbia, District of Columbia","Block Group 2, Census Tract 98.10, District of Columbia, District of Columbia",930,45.16129032,13.74207188,0
1.10E+11,A098111,"Block Group 1, Census Tract 98.11, District of Columbia, District of Columbia","Block Group 1, Census Tract 98.11, District of Columbia, District of Columbia",2027,42.08189443,42.41781548,20.88024565
1.10E+11,A098112,"Block Group 2, Census Tract 98.11, District of Columbia, District of Columbia","Block Group 2, Census Tract 98.11, District of Columbia, District of Columbia",3064,30.9073107,21.5832711,8.404074703
1.10E+11,A099011,"Block Group 1, Census Tract 99.01, District of Columbia, District of Columbia","Block Group 1, Census Tract 99.01, District of Columbia, District of Columbia",1029,12.34207969,9.964412811,0
1.10E+11,A099012,"Block Group 2, Census Tract 99.01, District of Columbia, District of Columbia","Block Group 2, Census Tract 99.01, District of Columbia, District of Columbia",1689,7.282415631,11.50837989,14.28571429
1.10E+11,A099021,"Block Group 1, Census Tract 99.02, District of Columbia, District of Columbia","Block Group 1, Census Tract 99.02, District of Columbia, District of Columbia",812,14.71698113,13.31592689,16
1.10E+11,A099022,"Block Group 2, Census Tract 99.02, District of Columbia, District of Columbia","Block Group 2, Census Tract 99.02, District of Columbia, District of Columbia",2152,13.80111524,14.33823529,18.72246696
1.10E+11,A099031,"Block Group 1, Census Tract 99.03, District of Columbia, District of Columbia","Block Group 1, Census Tract 99.03, District of Columbia, District of Columbia",1175,20.85106383,7.783417936,7.855626327
1.10E+11,A099032,"Block Group 2, Census Tract 99.03, District of Columbia, District of Columbia","Block Group 2, Census Tract 99.03, District of Columbia, District of Columbia",679,18.40942563,5.292479109,11.8466899
1.10E+11,A099041,"Block Group 1, Census Tract 99.04, District of Columbia, District of Columbia","Block Group 1, Census Tract 99.04, District of Columbia, District of Columbia",774,26.44736842,13.27433628,30.84337349
1.10E+11,A099042,"Block Group 2, Census Tract 99.04, District of Columbia, District of Columbia","Block Group 2, Census Tract 99.04, District of Columbia, District of Columbia",1822,38.44026549,15.54726368,17.81737194
1.10E+11,A099051,"Block Group 1, Census Tract 99.05, District of Columbia, District of Columbia","Block Group 1, Census Tract 99.05, District of Columbia, District of Columbia",1261,26.16970658,27.75263952,20.51756007
1.10E+11,A099052,"Block Group 2, Census Tract 99.05, District of Columbia, District of Columbia","Block Group 2, Census Tract 99.05, District of Columbia, District of Columbia",763,24.9017038,26.92307692,23.28431373
1.10E+11,A099053,"Block Group 3, Census Tract 99.05, District of Columbia, District of Columbia","Block Group 3, Census Tract 99.05, District of Columbia, District of Columbia",873,24.67065868,27.83300199,16.70480549
1.10E+11,A099061,"Block Group 1, Census Tract 99.06, District of Columbia, District of Columbia","Block Group 1, Census Tract 99.06, District of Columbia, District of Columbia",1463,25.01708817,15.28326746,14.17721519
1.10E+11,A099071,"Block Group 1, Census Tract 99.07, District of Columbia, District of Columbia","Block Group 1, Census Tract 99.07, District of Columbia, District of Columbia",576,20.3125,5.035971223,8.988764045
1.10E+11,A099072,"Block Group 2, Census Tract 99.07, District of Columbia, District of Columbia","Block Group 2, Census Tract 99.07, District of Columbia, District of Columbia",2366,38.79966188,29.002079,7.114228457
1.10E+11,A101001,"Block Group 1, Census Tract 101, District of Columbia, District of Columbia","Block Group 1, Census Tract 101, District of Columbia, District of Columbia",1856,14.70752089,4.383358098,12.94611617
1.10E+11,A101002,"Block Group 2, Census Tract 101, District of Columbia, District of Columbia","Block Group 2, Census Tract 101, District of Columbia, District of Columbia",791,14.79140329,7.221350078,1.261261261
1.10E+11,A102001,"Block Group 1, Census Tract 102, District of Columbia, District of Columbia","Block Group 1, Census Tract 102, District of Columbia, District of Columbia",1040,8.699902248,5.772230889,5.544933078
1.10E+11,A102002,"Block Group 2, Census Tract 102, District of Columbia, District of Columbia","Block Group 2, Census Tract 102, District of Columbia, District of Columbia",1512,4.166666667,5.631399317,16.66666667
1.10E+11,A103001,"Block Group 1, Census Tract 103, District of Columbia, District of Columbia","Block Group 1, Census Tract 103, District of Columbia, District of Columbia",823,6.270627063,0,7.446808511
1.10E+11,A103002,"Block Group 2, Census Tract 103, District of Columbia, District of Columbia","Block Group 2, Census Tract 103, District of Columbia, District of Columbia",1095,12.60273973,18.8034188,11.88118812
1.10E+11,A103003,"Block Group 3, Census Tract 103, District of Columbia, District of Columbia","Block Group 3, Census Tract 103, District of Columbia, District of Columbia",1347,33.33333333,14.72320377,2.777777778
1.10E+11,A104001,"Block Group 1, Census Tract 104, District of Columbia, District of Columbia","Block Group 1, Census Tract 104, District of Columbia, District of Columbia",1760,35.79545455,12.69633508,10.67669173
1.10E+11,A104002,"Block Group 2, Census Tract 104, District of Columbia, District of Columbia","Block Group 2, Census Tract 104, District of Columbia, District of Columbia",2966,24.69476172,31.10394843,16.57894737
1.10E+11,A105001,"Block Group 1, Census Tract 105, District of Columbia, District of Columbia","Block Group 1, Census Tract 105, District of Columbia, District of Columbia",1605,26.60436137,8.499475341,1.382978723
1.10E+11,A105002,"Block Group 2, Census Tract 105, District of Columbia, District of Columbia","Block Group 2, Census Tract 105, District of Columbia, District of Columbia",1915,9.608355091,8.684546616,5.933429812
1.10E+11,A106001,"Block Group 1, Census Tract 106, District of Columbia, District of Columbia","Block Group 1, Census Tract 106, District of Columbia, District of Columbia",994,30.68410463,10.54263566,7.928388747
1.10E+11,A106002,"Block Group 2, Census Tract 106, District of Columbia, District of Columbia","Block Group 2, Census Tract 106, District of Columbia, District of Columbia",4657,11.27335194,2.880658436,11.73797804
1.10E+11,A106003,"Block Group 3, Census Tract 106, District of Columbia, District of Columbia","Block Group 3, Census Tract 106, District of Columbia, District of Columbia",798,16.4160401,7.352941176,0
1.10E+11,A107001,"Block Group 1, Census Tract 107, District of Columbia, District of Columbia","Block Group 1, Census Tract 107, District of Columbia, District of Columbia",859,34.23545332,6.390328152,5.83501006
1.10E+11,A107002,"Block Group 2, Census Tract 107, District of Columbia, District of Columbia","Block Group 2, Census Tract 107, District of Columbia, District of Columbia",862,8.120649652,1.103448276,17.19160105
1.10E+11,A108001,"Block Group 1, Census Tract 108, District of Columbia, District of Columbia","Block Group 1, Census Tract 108, District of Columbia, District of Columbia",1521,38.75432526,10.12658228,27.090301
1.10E+11,A108002,"Block Group 2, Census Tract 108, District of Columbia, District of Columbia","Block Group 2, Census Tract 108, District of Columbia, District of Columbia",2350,51.10732538,9.659714599,11.54562384
1.10E+11,A108003,"Block Group 3, Census Tract 108, District of Columbia, District of Columbia","Block Group 3, Census Tract 108, District of Columbia, District of Columbia",2527,54.97287523,7.718696398,10.46511628
1.10E+11,A109001,"Block Group 1, Census Tract 109, District of Columbia, District of Columbia","Block Group 1, Census Tract 109, District of Columbia, District of Columbia",2450,39.59453868,24.90079365,1.270207852
1.10E+11,A109002,"Block Group 2, Census Tract 109, District of Columbia, District of Columbia","Block Group 2, Census Tract 109, District of Columbia, District of Columbia",1859,55.98060345,27.75330396,24.4966443
1.10E+11,A110001,"Block Group 1, Census Tract 110, District of Columbia, District of Columbia","Block Group 1, Census Tract 110, District of Columbia, District of Columbia",666,11.26126126,0,16.72131148
1.10E+11,A110002,"Block Group 2, Census Tract 110, District of Columbia, District of Columbia","Block Group 2, Census Tract 110, District of Columbia, District of Columbia",864,2.767295597,2.112676056,8.903020668
1.10E+11,A110003,"Block Group 3, Census Tract 110, District of Columbia, District of Columbia","Block Group 3, Census Tract 110, District of Columbia, District of Columbia",686,5.102040816,7.233273056,8.053691275
1.10E+11,A110004,"Block Group 4, Census Tract 110, District of Columbia, District of Columbia","Block Group 4, Census Tract 110, District of Columbia, District of Columbia",1444,6.440443213,2.185223725,5.009107468
1.10E+11,A111001,"Block Group 1, Census Tract 111, District of Columbia, District of Columbia","Block Group 1, Census Tract 111, District of Columbia, District of Columbia",1731,10.52937755,17.16589862,10.17488076
1.10E+11,A111002,"Block Group 2, Census Tract 111, District of Columbia, District of Columbia","Block Group 2, Census Tract 111, District of Columbia, District of Columbia",2155,9.419953596,13.88611389,3.94922426
1.10E+11,A111003,"Block Group 3, Census Tract 111, District of Columbia, District of Columbia","Block Group 3, Census Tract 111, District of Columbia, District of Columbia",1639,41.05488239,18.85369532,17.61658031